time,temp
12.76,2025-04-04 02:55:14
13.76,2025-04-04 03:45:19
13.76,2025-04-04 03:55:30
14.76,2025-04-04 04:40:08
14.76,2025-04-04 04:52:25
14.76,2025-04-04 05:37:21
14.76,2025-04-04 05:47:39
14.76,2025-04-04 05:57:34
14.76,2025-04-04 06:48:06
14.76,2025-04-04 06:57:58
14.76,2025-04-04 07:30:01
14.76,2025-04-04 07:43:06
14.76,2025-04-04 07:53:24
13.76,2025-04-04 08:42:41
13.76,2025-04-04 08:55:15
11.76,2025-04-04 09:33:24
11.76,2025-04-04 09:44:27
11.76,2025-04-04 09:54:19
9.76,2025-04-04 10:40:21
9.76,2025-04-04 10:50:33
7.76,2025-04-04 11:26:18
7.76,2025-04-04 11:41:37
7.76,2025-04-04 11:51:55
10.28,2025-04-04 13:16:54
5.76,2025-04-04 13:44:29
5.76,2025-04-04 13:54:17
7.76,2025-04-04 14:38:34
7.76,2025-04-04 14:48:33
7.76,2025-04-04 14:58:35
7.76,2025-04-04 15:37:56
7.76,2025-04-04 15:50:58
7.76,2025-04-04 16:43:37
7.76,2025-04-04 16:55:19
6.76,2025-04-04 17:32:32
6.76,2025-04-04 17:42:48
6.76,2025-04-04 17:52:53
7.76,2025-04-04 18:44:31
7.76,2025-04-04 18:54:29
7.78,2025-04-04 19:24:41
7.76,2025-04-04 19:38:59
7.76,2025-04-04 19:49:14
7.76,2025-04-04 19:59:24
7.76,2025-04-04 20:34:23
7.76,2025-04-04 20:45:28
7.76,2025-04-04 20:55:43
7.76,2025-04-04 21:28:48
7.76,2025-04-04 21:40:35
7.76,2025-04-04 21:50:55
8.76,2025-04-04 22:35:00
8.76,2025-04-04 22:45:04
8.76,2025-04-04 22:55:01
7.76,2025-04-04 23:28:46
7.76,2025-04-04 23:41:07
7.76,2025-04-04 23:51:22
7.76,2025-04-05 03:04:47
7.76,2025-04-05 03:48:45
7.76,2025-04-05 03:58:40
7.76,2025-04-05 04:38:28
7.76,2025-04-05 04:50:34
7.76,2025-04-05 05:33:54
7.76,2025-04-05 05:44:00
7.76,2025-04-05 05:53:55
7.76,2025-04-05 06:42:21
7.76,2025-04-05 06:52:35
11.17,2025-04-05 07:25:43
7.76,2025-04-05 07:39:55
7.76,2025-04-05 07:49:48
7.76,2025-04-05 07:59:39
7.76,2025-04-05 08:38:13
7.76,2025-04-05 08:49:30
7.76,2025-04-05 08:59:45
7.76,2025-04-05 09:30:04
7.76,2025-04-05 09:40:22
7.76,2025-04-05 09:50:41
7.76,2025-04-05 10:36:02
7.76,2025-04-05 10:46:07
7.76,2025-04-05 10:56:16
7.76,2025-04-05 11:23:58
7.76,2025-04-05 11:38:06
7.76,2025-04-05 11:48:15
7.76,2025-04-05 11:58:09
7.76,2025-04-05 13:03:00
7.76,2025-04-05 13:34:17
7.76,2025-04-05 13:44:22
7.76,2025-04-05 13:54:41
7.76,2025-04-05 14:31:24
7.76,2025-04-05 14:41:52
7.76,2025-04-05 14:52:06
7.89,2025-04-05 15:28:35
6.76,2025-04-05 15:40:28
6.76,2025-04-05 15:50:34
6.76,2025-04-05 16:40:09
6.76,2025-04-05 16:50:43
6.76,2025-04-05 17:29:21
6.76,2025-04-05 17:41:35
6.76,2025-04-05 17:51:44
7.76,2025-04-05 18:39:04
7.76,2025-04-05 18:49:09
7.76,2025-04-05 18:59:10
6.76,2025-04-05 19:22:06
6.76,2025-04-05 19:37:22
6.76,2025-04-05 19:47:32
6.76,2025-04-05 19:57:34
6.76,2025-04-05 20:30:36
6.76,2025-04-05 20:41:58
6.76,2025-04-05 20:52:28
5.76,2025-04-05 21:27:08
5.76,2025-04-05 21:39:10
5.76,2025-04-05 21:49:25
5.76,2025-04-05 21:59:31
5.76,2025-04-05 22:35:09
5.76,2025-04-05 22:45:00
5.76,2025-04-05 22:55:11
7.76,2025-04-05 23:29:04
7.76,2025-04-05 23:40:28
6.76,2025-04-05 23:50:17
12.67,2025-04-06 03:10:20
13.76,2025-04-06 03:51:08
13.76,2025-04-06 04:43:08
13.76,2025-04-06 04:54:45
13.76,2025-04-06 05:32:42
13.76,2025-04-06 05:42:39
13.76,2025-04-06 05:53:05
13.76,2025-04-06 06:47:17
13.76,2025-04-06 06:57:11
13.71,2025-04-06 07:26:27
13.76,2025-04-06 07:37:48
13.76,2025-04-06 07:48:22
13.76,2025-04-06 07:58:24
12.76,2025-04-06 08:40:19
12.76,2025-04-06 08:50:56
11.76,2025-04-06 09:29:01
11.76,2025-04-06 09:40:58
11.76,2025-04-06 09:51:25
9.76,2025-04-06 10:37:18
9.76,2025-04-06 10:47:06
9.76,2025-04-06 10:57:11
8.76,2025-04-06 11:23:54
8.76,2025-04-06 11:37:53
8.76,2025-04-06 11:48:10
8.76,2025-04-06 11:58:26
8.76,2025-04-06 13:03:11
7.76,2025-04-06 13:35:28
7.76,2025-04-06 13:45:21
7.76,2025-04-06 13:55:40
5.76,2025-04-06 14:32:10
5.76,2025-04-06 14:42:01
5.76,2025-04-06 14:52:24
3.76,2025-04-06 15:28:46
3.76,2025-04-06 15:40:45
3.76,2025-04-06 15:50:57
3.76,2025-04-06 16:39:30
3.76,2025-04-06 16:49:53
3.76,2025-04-06 17:00:14
4.76,2025-04-06 17:31:16
4.76,2025-04-06 17:42:02
4.76,2025-04-06 17:52:01
2.76,2025-04-06 18:39:50
2.76,2025-04-06 18:50:18
2.76,2025-04-06 19:00:23
7.15,2025-04-06 19:22:22
2.76,2025-04-06 19:39:18
2.76,2025-04-06 19:49:30
2.76,2025-04-06 19:59:32
3.76,2025-04-06 20:31:58
3.76,2025-04-06 20:42:51
3.76,2025-04-06 20:53:16
2.76,2025-04-06 21:27:04
2.76,2025-04-06 21:40:33
2.76,2025-04-06 21:50:36
3.76,2025-04-06 22:32:33
3.76,2025-04-06 22:43:35
3.76,2025-04-06 22:53:53
8.76,2025-04-06 23:26:47
8.76,2025-04-06 23:39:50
8.76,2025-04-06 23:49:55
8.76,2025-04-07 00:00:07
16.71,2025-04-07 03:12:53
17.76,2025-04-07 03:52:51
17.76,2025-04-07 04:40:10
17.76,2025-04-07 04:52:23
18.76,2025-04-07 05:38:00
18.76,2025-04-07 05:48:13
18.76,2025-04-07 05:58:27
19.76,2025-04-07 06:50:21
19.76,2025-04-07 07:00:20
18.76,2025-04-07 07:33:00
18.76,2025-04-07 07:43:38
18.76,2025-04-07 07:54:01
17.76,2025-04-07 08:47:00
17.76,2025-04-07 08:57:06
16.76,2025-04-07 09:37:40
16.76,2025-04-07 09:47:53
16.76,2025-04-07 09:58:02
15.76,2025-04-07 10:43:24
15.76,2025-04-07 10:53:33
14.76,2025-04-07 11:26:27
14.76,2025-04-07 11:40:06
14.76,2025-04-07 11:50:12
14.76,2025-04-07 12:00:21
14.76,2025-04-07 13:36:15
14.76,2025-04-07 13:50:40
13.76,2025-04-07 14:40:16
13.76,2025-04-07 14:51:17
12.76,2025-04-07 15:35:16
12.76,2025-04-07 15:47:20
12.76,2025-04-07 15:57:15
12.76,2025-04-07 16:47:11
12.76,2025-04-07 16:57:10
11.76,2025-04-07 17:33:30
11.76,2025-04-07 17:43:43
11.76,2025-04-07 17:53:28
10.76,2025-04-07 18:43:09
10.76,2025-04-07 18:53:33
9.76,2025-04-07 19:23:50
9.76,2025-04-07 19:38:40
9.76,2025-04-07 19:49:15
9.76,2025-04-07 19:59:08
9.76,2025-04-07 20:37:01
9.76,2025-04-07 20:47:30
9.76,2025-04-07 20:57:20
9.76,2025-04-07 21:31:34
9.76,2025-04-07 21:43:38
9.76,2025-04-07 21:55:55
9.76,2025-04-07 22:36:37
9.76,2025-04-07 22:46:55
9.76,2025-04-07 22:56:54
10.76,2025-04-07 23:31:56
10.76,2025-04-07 23:42:48
10.76,2025-04-07 23:52:33
14.76,2025-04-08 03:07:33
15.76,2025-04-08 03:51:18
16.76,2025-04-08 04:40:47
16.76,2025-04-08 04:53:49
17.76,2025-04-08 05:37:54
17.76,2025-04-08 05:48:04
17.76,2025-04-08 05:57:57
17.76,2025-04-08 06:49:44
17.76,2025-04-08 06:59:35
17.76,2025-04-08 07:31:04
17.76,2025-04-08 07:41:56
17.76,2025-04-08 07:52:07
17.76,2025-04-08 08:45:40
17.76,2025-04-08 08:57:01
15.76,2025-04-08 09:37:33
15.76,2025-04-08 09:47:48
15.76,2025-04-08 09:57:46
13.76,2025-04-08 10:43:16
13.76,2025-04-08 10:53:39
12.76,2025-04-08 11:26:34
12.76,2025-04-08 11:40:28
12.76,2025-04-08 11:50:30
13.23,2025-04-08 13:19:46
9.76,2025-04-08 13:47:31
9.76,2025-04-08 13:57:35
7.76,2025-04-08 14:42:34
7.76,2025-04-08 14:53:05
6.76,2025-04-08 15:38:28
6.76,2025-04-08 15:50:07
6.76,2025-04-08 16:00:26
6.76,2025-04-08 16:49:36
6.76,2025-04-08 16:59:43
5.76,2025-04-08 17:36:35
5.76,2025-04-08 17:46:32
5.76,2025-04-08 17:56:33
5.76,2025-04-08 18:48:44
5.76,2025-04-08 18:58:42
5.76,2025-04-08 19:25:51
5.76,2025-04-08 19:39:55
5.76,2025-04-08 19:49:47
5.76,2025-04-08 19:59:54
6.76,2025-04-08 20:37:44
6.76,2025-04-08 20:49:32
6.76,2025-04-08 20:59:26
6.76,2025-04-08 21:31:05
6.76,2025-04-08 21:42:41
6.76,2025-04-08 21:52:34
7.76,2025-04-08 22:36:26
7.76,2025-04-08 22:46:54
7.76,2025-04-08 22:57:10
10.76,2025-04-08 23:29:58
10.76,2025-04-08 23:42:28
10.76,2025-04-08 23:52:51
16.25,2025-04-09 03:09:03
16.76,2025-04-09 03:52:08
17.76,2025-04-09 04:40:22
17.76,2025-04-09 04:54:39
15.76,2025-04-09 05:37:49
15.76,2025-04-09 05:47:50
15.76,2025-04-09 05:57:38
14.76,2025-04-09 06:49:57
14.76,2025-04-09 06:59:51
12.76,2025-04-09 07:31:20
12.76,2025-04-09 07:42:46
12.76,2025-04-09 07:52:41
13.76,2025-04-09 08:49:30
13.76,2025-04-09 08:59:28
13.76,2025-04-09 09:39:14
13.76,2025-04-09 09:49:43
13.76,2025-04-09 09:59:40
11.76,2025-04-09 10:48:35
11.76,2025-04-09 10:58:45
10.76,2025-04-09 11:26:54
10.76,2025-04-09 11:39:50
10.76,2025-04-09 11:50:05
10.76,2025-04-09 12:00:20
9.76,2025-04-09 13:37:58
9.76,2025-04-09 13:56:31
10.76,2025-04-09 14:44:32
10.76,2025-04-09 14:55:26
9.76,2025-04-09 15:40:13
9.76,2025-04-09 15:51:52
9.76,2025-04-09 16:50:24
8.76,2025-04-09 17:33:01
8.76,2025-04-09 17:44:26
8.76,2025-04-09 17:54:14
8.76,2025-04-09 18:46:36
8.76,2025-04-09 18:56:47
8.76,2025-04-09 19:24:29
8.76,2025-04-09 19:39:22
8.76,2025-04-09 19:49:20
8.76,2025-04-09 19:59:18
7.76,2025-04-09 20:37:25
6.76,2025-04-09 20:52:22
5.76,2025-04-09 21:26:49
5.76,2025-04-09 21:40:06
5.76,2025-04-09 21:50:09
5.76,2025-04-09 21:59:53
6.76,2025-04-09 22:35:02
6.76,2025-04-09 22:45:08
6.76,2025-04-09 22:55:05
9.76,2025-04-09 23:28:51
9.76,2025-04-09 23:41:25
9.76,2025-04-09 23:51:52
15.76,2025-04-10 03:08:13
15.76,2025-04-10 03:52:17
17.76,2025-04-10 04:43:10
17.76,2025-04-10 04:54:00
17.76,2025-04-10 05:37:30
17.76,2025-04-10 05:47:40
17.76,2025-04-10 05:57:55
17.76,2025-04-10 06:49:11
17.76,2025-04-10 06:59:17
16.76,2025-04-10 07:32:37
16.76,2025-04-10 07:44:00
16.76,2025-04-10 07:53:49
15.76,2025-04-10 08:45:25
15.76,2025-04-10 08:56:30
13.76,2025-04-10 09:35:16
13.76,2025-04-10 09:45:44
13.76,2025-04-10 09:55:41
11.76,2025-04-10 10:42:21
11.76,2025-04-10 10:52:26
10.76,2025-04-10 11:26:06
10.76,2025-04-10 11:40:08
10.76,2025-04-10 11:50:17
10.76,2025-04-10 12:00:07
8.76,2025-04-10 13:35:32
8.76,2025-04-10 13:50:40
7.76,2025-04-10 14:39:19
7.76,2025-04-10 14:49:33
7.76,2025-04-10 14:59:28
7.76,2025-04-10 15:37:23
7.76,2025-04-10 15:48:03
7.76,2025-04-10 15:57:57
6.76,2025-04-10 16:49:23
6.76,2025-04-10 16:59:31
6.76,2025-04-10 17:34:56
6.76,2025-04-10 17:44:49
6.76,2025-04-10 17:54:44
6.76,2025-04-10 18:43:36
6.76,2025-04-10 18:54:13
6.76,2025-04-10 19:21:01
6.76,2025-04-10 19:37:28
6.76,2025-04-10 19:47:58
6.76,2025-04-10 19:57:58
6.76,2025-04-10 20:36:10
6.76,2025-04-10 20:47:19
6.76,2025-04-10 20:57:13
6.76,2025-04-10 21:29:53
6.76,2025-04-10 21:41:26
6.76,2025-04-10 21:51:29
6.76,2025-04-10 22:37:43
6.76,2025-04-10 22:48:15
6.76,2025-04-10 22:58:12
10.76,2025-04-10 23:31:26
10.76,2025-04-10 23:43:55
10.76,2025-04-10 23:53:58
20.76,2025-04-11 03:09:43
20.76,2025-04-11 03:52:12
22.76,2025-04-11 04:41:20
22.76,2025-04-11 04:53:05
22.76,2025-04-11 05:39:42
22.76,2025-04-11 05:50:05
22.76,2025-04-11 06:00:09
21.76,2025-04-11 06:49:46
21.76,2025-04-11 06:59:42
21.76,2025-04-11 07:30:21
21.76,2025-04-11 07:41:10
21.76,2025-04-11 07:51:18
19.76,2025-04-11 08:42:44
19.76,2025-04-11 08:55:23
18.76,2025-04-11 09:34:29
18.76,2025-04-11 09:45:01
18.76,2025-04-11 09:55:13
16.76,2025-04-11 10:40:54
16.76,2025-04-11 10:50:54
13.76,2025-04-11 11:25:17
13.76,2025-04-11 11:39:37
13.76,2025-04-11 11:49:52
13.76,2025-04-11 11:59:46
11.76,2025-04-11 13:35:47
11.76,2025-04-11 13:49:33
11.76,2025-04-11 13:59:22
10.76,2025-04-11 14:40:16
10.76,2025-04-11 14:50:08
10.76,2025-04-11 15:00:06
9.76,2025-04-11 15:37:02
9.76,2025-04-11 15:47:08
9.76,2025-04-11 15:57:04
9.76,2025-04-11 16:47:04
9.76,2025-04-11 16:56:59
9.76,2025-04-11 17:30:55
9.76,2025-04-11 17:44:13
9.76,2025-04-11 17:54:15
9.76,2025-04-11 18:47:02
9.76,2025-04-11 18:57:13
10.76,2025-04-11 19:24:17
10.76,2025-04-11 19:40:11
10.76,2025-04-11 19:49:18
10.76,2025-04-11 19:59:12
9.76,2025-04-11 20:35:41
9.76,2025-04-11 20:45:59
9.76,2025-04-11 20:55:56
9.76,2025-04-11 21:29:24
9.76,2025-04-11 21:41:06
9.76,2025-04-11 21:51:29
10.76,2025-04-11 22:38:21
10.76,2025-04-11 22:49:57
10.76,2025-04-11 22:59:55
15.76,2025-04-11 23:30:21
15.76,2025-04-11 23:41:57
15.76,2025-04-11 23:52:01
21.76,2025-04-12 03:06:04
21.76,2025-04-12 03:49:22
21.76,2025-04-12 03:59:18
19.76,2025-04-12 04:41:01
15.76,2025-04-12 04:51:21
16.76,2025-04-12 05:32:12
16.76,2025-04-12 05:42:43
16.76,2025-04-12 05:52:36
16.76,2025-04-12 06:42:50
16.76,2025-04-12 06:53:35
15.76,2025-04-12 07:26:35
15.76,2025-04-12 07:39:26
15.76,2025-04-12 07:49:51
15.76,2025-04-12 07:59:57
11.76,2025-04-12 08:39:43
11.76,2025-04-12 08:52:03
8.76,2025-04-12 09:31:16
8.76,2025-04-12 09:42:06
8.76,2025-04-12 09:51:59
6.76,2025-04-12 10:34:33
6.76,2025-04-12 10:44:22
6.76,2025-04-12 10:54:11
6.41,2025-04-12 11:22:32
4.76,2025-04-12 11:37:10
4.76,2025-04-12 11:47:21
4.76,2025-04-12 11:57:11
4.76,2025-04-12 13:02:42
1.76,2025-04-12 13:34:30
1.76,2025-04-12 13:44:30
1.76,2025-04-12 13:54:22
0.76,2025-04-12 14:31:54
0.76,2025-04-12 14:42:37
0.76,2025-04-12 14:52:31
0.76,2025-04-12 15:28:57
0.76,2025-04-12 15:42:43
0.76,2025-04-12 15:53:16
0.76,2025-04-12 16:39:11
0.76,2025-04-12 16:51:26
1.76,2025-04-12 17:31:42
1.76,2025-04-12 17:42:22
1.76,2025-04-12 17:52:34
2.76,2025-04-12 18:40:15
2.76,2025-04-12 18:51:20
3.76,2025-04-12 19:22:05
3.76,2025-04-12 19:37:01
3.76,2025-04-12 19:47:19
3.76,2025-04-12 19:57:43
4.76,2025-04-12 20:30:58
4.76,2025-04-12 20:42:16
4.76,2025-04-12 20:52:40
4.76,2025-04-12 21:26:52
4.76,2025-04-12 21:39:48
4.76,2025-04-12 21:50:04
4.76,2025-04-12 22:00:11
6.76,2025-04-12 22:34:43
6.76,2025-04-12 22:44:53
6.76,2025-04-12 22:54:53
6.76,2025-04-13 04:18:37
3.76,2025-04-13 05:34:54
3.76,2025-04-13 05:47:55
3.76,2025-04-13 05:57:39
6.76,2025-04-13 06:46:07
6.76,2025-04-13 06:56:15
6.76,2025-04-13 07:27:31
6.76,2025-04-13 07:38:48
6.76,2025-04-13 07:48:48
6.76,2025-04-13 07:58:41
6.76,2025-04-13 08:39:52
6.76,2025-04-13 08:50:44
6.76,2025-04-13 09:32:15
6.76,2025-04-13 09:43:00
6.76,2025-04-13 09:52:59
5.76,2025-04-13 10:38:44
5.76,2025-04-13 10:48:53
5.76,2025-04-13 10:58:57
5.76,2025-04-13 11:24:28
5.76,2025-04-13 11:38:37
5.76,2025-04-13 11:49:00
5.76,2025-04-13 11:58:57
5.76,2025-04-13 13:04:37
5.76,2025-04-13 13:43:26
5.76,2025-04-13 13:53:45
5.76,2025-04-13 14:31:57
5.76,2025-04-13 14:42:54
5.76,2025-04-13 14:53:17
5.76,2025-04-13 15:32:17
5.76,2025-04-13 15:43:03
5.76,2025-04-13 15:53:14
4.76,2025-04-13 16:42:40
4.76,2025-04-13 16:52:46
4.76,2025-04-13 17:30:32
1.76,2025-04-13 17:41:29
1.76,2025-04-13 17:51:52
0.76,2025-04-13 18:40:28
0.76,2025-04-13 18:50:47
2.76,2025-04-13 19:20:59
2.76,2025-04-13 19:35:52
2.76,2025-04-13 19:46:06
2.76,2025-04-13 19:56:00
2.76,2025-04-13 20:31:18
2.76,2025-04-13 20:42:57
2.76,2025-04-13 20:53:00
3.76,2025-04-13 21:27:33
3.76,2025-04-13 21:39:44
3.76,2025-04-13 21:49:34
3.76,2025-04-13 21:59:31
3.76,2025-04-13 22:35:25
3.76,2025-04-13 22:45:37
3.76,2025-04-13 22:55:30
4.76,2025-04-13 23:31:58
4.76,2025-04-13 23:45:19
4.76,2025-04-13 23:55:35
5.76,2025-04-14 03:15:17
6.76,2025-04-14 03:56:26
5.76,2025-04-14 04:41:43
5.76,2025-04-14 04:53:17
6.76,2025-04-14 05:38:38
6.76,2025-04-14 05:49:00
6.76,2025-04-14 05:58:54
5.76,2025-04-14 06:51:40
5.76,2025-04-14 07:31:13
5.76,2025-04-14 07:42:36
5.76,2025-04-14 07:52:33
5.76,2025-04-14 08:47:11
5.76,2025-04-14 08:57:36
5.76,2025-04-14 09:38:50
5.76,2025-04-14 09:49:17
5.76,2025-04-14 09:59:04
5.76,2025-04-14 10:45:14
5.76,2025-04-14 10:55:19
5.76,2025-04-14 11:26:34
5.76,2025-04-14 11:40:11
5.76,2025-04-14 11:50:16
5.76,2025-04-14 12:00:11
4.76,2025-04-14 13:37:01
4.76,2025-04-14 13:51:29
3.76,2025-04-14 14:41:28
3.76,2025-04-14 14:52:04
3.76,2025-04-14 15:33:26
3.76,2025-04-14 15:46:17
3.76,2025-04-14 15:56:33
2.76,2025-04-14 16:49:05
2.76,2025-04-14 16:58:56
1.76,2025-04-14 17:35:38
1.76,2025-04-14 17:45:28
1.76,2025-04-14 17:55:30
0.76,2025-04-14 18:48:21
0.76,2025-04-14 18:58:25
-0.24,2025-04-14 19:25:21
-0.24,2025-04-14 19:39:56
-0.24,2025-04-14 19:50:14
-0.24,2025-04-14 20:00:10
-1.24,2025-04-14 20:38:19
-1.24,2025-04-14 20:49:08
-1.24,2025-04-14 20:59:01
0.76,2025-04-14 21:30:40
0.76,2025-04-14 21:42:32
0.76,2025-04-14 21:52:38
1.76,2025-04-14 22:37:25
1.76,2025-04-14 22:47:16
1.76,2025-04-14 22:57:33
5.76,2025-04-14 23:30:12
5.76,2025-04-14 23:42:59
5.76,2025-04-14 23:53:23
11.76,2025-04-15 03:13:44
12.76,2025-04-15 03:54:43
12.76,2025-04-15 04:41:57
12.76,2025-04-15 04:54:53
13.76,2025-04-15 05:38:00
13.76,2025-04-15 05:48:26
13.76,2025-04-15 05:58:20
12.76,2025-04-15 06:49:59
12.76,2025-04-15 07:00:01
12.76,2025-04-15 07:37:14
12.76,2025-04-15 07:47:20
12.76,2025-04-15 07:57:33
11.76,2025-04-15 08:49:52
11.76,2025-04-15 09:00:00
9.76,2025-04-15 09:37:59
9.76,2025-04-15 09:48:35
9.76,2025-04-15 09:58:49
8.76,2025-04-15 10:44:28
8.76,2025-04-15 10:54:34
7.76,2025-04-15 11:26:36
7.76,2025-04-15 11:43:01
7.76,2025-04-15 11:53:12
6.76,2025-04-15 13:36:05
6.76,2025-04-15 13:51:51
6.76,2025-04-15 14:40:56
6.76,2025-04-15 14:52:08
6.76,2025-04-15 15:36:58
6.76,2025-04-15 15:48:46
6.76,2025-04-15 15:59:02
5.76,2025-04-15 16:47:03
5.76,2025-04-15 16:57:18
3.76,2025-04-15 17:35:30
3.76,2025-04-15 17:45:31
3.76,2025-04-15 17:55:49
5.76,2025-04-15 18:46:49
5.76,2025-04-15 18:56:51
4.76,2025-04-15 19:24:29
4.76,2025-04-15 19:38:57
4.76,2025-04-15 19:49:05
4.76,2025-04-15 19:58:59
5.76,2025-04-15 20:37:13
5.76,2025-04-15 20:48:55
5.76,2025-04-15 20:59:01
5.76,2025-04-15 21:30:32
5.76,2025-04-15 21:42:14
5.76,2025-04-15 21:52:19
6.76,2025-04-15 22:37:41
6.76,2025-04-15 22:47:41
6.76,2025-04-15 22:57:43
9.76,2025-04-15 23:30:29
9.76,2025-04-15 23:42:46
9.76,2025-04-15 23:53:07
17.76,2025-04-16 03:13:02
17.76,2025-04-16 03:54:21
19.76,2025-04-16 04:41:00
19.76,2025-04-16 04:54:45
21.76,2025-04-16 05:38:20
21.76,2025-04-16 05:48:44
21.76,2025-04-16 05:58:34
20.76,2025-04-16 06:50:09
20.76,2025-04-16 07:00:07
21.76,2025-04-16 07:31:25
21.76,2025-04-16 07:42:41
21.76,2025-04-16 07:52:49
20.76,2025-04-16 08:48:05
20.76,2025-04-16 08:58:32
19.76,2025-04-16 09:38:48
19.76,2025-04-16 09:49:17
19.76,2025-04-16 09:59:31
18.76,2025-04-16 10:44:48
18.76,2025-04-16 10:54:52
17.76,2025-04-16 11:26:36
17.76,2025-04-16 11:41:02
17.76,2025-04-16 11:51:24
15.76,2025-04-16 13:19:49
15.76,2025-04-16 13:47:40
15.76,2025-04-16 13:57:40
15.76,2025-04-16 14:39:48
15.76,2025-04-16 14:50:07
15.76,2025-04-16 15:00:17
14.76,2025-04-16 15:39:33
14.76,2025-04-16 15:50:20
14.76,2025-04-16 16:00:05
15.76,2025-04-16 16:51:17
15.76,2025-04-16 17:33:17
15.76,2025-04-16 17:45:07
15.76,2025-04-16 17:54:56
13.76,2025-04-16 18:48:46
13.76,2025-04-16 18:58:54
13.81,2025-04-16 19:24:41
13.76,2025-04-16 19:39:09
13.76,2025-04-16 19:49:18
13.76,2025-04-16 19:59:29
14.76,2025-04-16 20:37:59
14.76,2025-04-16 20:49:05
14.76,2025-04-16 20:59:16
12.76,2025-04-16 21:31:41
12.76,2025-04-16 21:43:02
12.76,2025-04-16 21:53:17
15.76,2025-04-16 22:38:34
15.76,2025-04-16 22:48:56
15.76,2025-04-16 22:58:43
14.87,2025-04-16 23:30:11
17.76,2025-04-16 23:44:42
17.76,2025-04-16 23:54:41
20.76,2025-04-17 03:11:56
22.76,2025-04-17 03:54:05
22.76,2025-04-17 04:41:48
22.76,2025-04-17 04:53:29
22.76,2025-04-17 05:37:56
22.76,2025-04-17 05:48:22
22.76,2025-04-17 05:58:12
23.76,2025-04-17 06:49:19
23.76,2025-04-17 06:59:37
21.76,2025-04-17 07:32:54
21.76,2025-04-17 07:46:00
21.76,2025-04-17 07:56:20
19.76,2025-04-17 08:47:49
19.76,2025-04-17 08:58:03
18.76,2025-04-17 09:37:01
18.76,2025-04-17 09:47:06
18.76,2025-04-17 09:57:11
17.76,2025-04-17 10:42:15
17.76,2025-04-17 10:52:13
18.76,2025-04-17 11:25:46
18.76,2025-04-17 11:41:32
18.76,2025-04-17 11:51:42
16.76,2025-04-17 13:18:17
16.76,2025-04-17 13:46:13
16.76,2025-04-17 13:56:23
15.76,2025-04-17 14:39:28
15.76,2025-04-17 14:49:31
15.76,2025-04-17 14:59:44
14.76,2025-04-17 15:37:03
14.76,2025-04-17 15:47:37
14.76,2025-04-17 15:57:31
16.76,2025-04-17 16:49:04
16.76,2025-04-17 16:58:54
16.76,2025-04-17 17:36:44
16.76,2025-04-17 17:46:57
16.76,2025-04-17 17:56:45
15.76,2025-04-17 18:48:00
15.76,2025-04-17 18:57:53
15.76,2025-04-17 19:24:35
15.76,2025-04-17 19:39:46
14.76,2025-04-17 19:50:02
14.76,2025-04-17 20:00:09
14.76,2025-04-17 20:35:59
14.76,2025-04-17 20:47:46
14.76,2025-04-17 20:58:07
14.76,2025-04-17 21:30:00
14.76,2025-04-17 21:42:24
14.76,2025-04-17 21:52:50
15.76,2025-04-17 22:35:32
15.76,2025-04-17 22:45:36
15.76,2025-04-17 22:55:57
13.76,2025-04-17 23:30:57
13.76,2025-04-17 23:43:06
13.76,2025-04-17 23:53:28
16.76,2025-04-18 03:08:20
18.76,2025-04-18 03:51:53
20.76,2025-04-18 04:41:31
20.76,2025-04-18 04:53:54
21.76,2025-04-18 05:37:27
21.76,2025-04-18 05:47:44
21.76,2025-04-18 05:57:35
22.76,2025-04-18 06:48:56
22.76,2025-04-18 06:59:01
22.76,2025-04-18 07:32:18
22.76,2025-04-18 07:42:17
22.76,2025-04-18 07:52:47
21.76,2025-04-18 08:42:09
21.76,2025-04-18 08:54:37
20.76,2025-04-18 09:34:50
20.76,2025-04-18 09:44:54
20.76,2025-04-18 09:55:15
16.76,2025-04-18 10:42:43
16.76,2025-04-18 10:53:05
14.76,2025-04-18 11:24:54
14.76,2025-04-18 11:41:35
14.76,2025-04-18 11:51:54
13.76,2025-04-18 13:14:52
13.76,2025-04-18 13:42:19
13.76,2025-04-18 13:52:48
12.76,2025-04-18 14:36:10
12.76,2025-04-18 14:46:06
12.76,2025-04-18 14:56:22
14.76,2025-04-18 15:33:04
14.76,2025-04-18 15:45:11
14.76,2025-04-18 15:55:18
14.76,2025-04-18 16:42:24
14.76,2025-04-18 16:54:40
15.76,2025-04-18 17:34:13
15.76,2025-04-18 17:42:27
15.76,2025-04-18 17:52:29
15.76,2025-04-18 18:44:17
15.76,2025-04-18 18:54:33
14.76,2025-04-18 19:23:04
14.76,2025-04-18 19:38:27
14.76,2025-04-18 19:48:54
14.76,2025-04-18 19:58:55
14.76,2025-04-18 20:33:39
14.76,2025-04-18 20:45:21
14.76,2025-04-18 20:55:09
14.76,2025-04-18 21:29:42
14.76,2025-04-18 21:41:10
14.76,2025-04-18 21:51:16
15.76,2025-04-18 22:37:27
15.76,2025-04-18 22:47:31
15.76,2025-04-18 22:57:35
16.76,2025-04-18 23:30:40
16.76,2025-04-18 23:42:05
16.76,2025-04-18 23:52:26
18.76,2025-04-19 03:03:52
17.76,2025-04-19 03:48:44
17.76,2025-04-19 03:58:52
18.76,2025-04-19 04:40:15
18.76,2025-04-19 04:50:15
18.76,2025-04-19 05:00:08
12.76,2025-04-19 05:37:54
12.76,2025-04-19 05:48:08
12.76,2025-04-19 05:58:04
14.76,2025-04-19 06:45:55
14.76,2025-04-19 06:55:50
13.76,2025-04-19 07:26:15
13.76,2025-04-19 07:38:32
13.76,2025-04-19 07:48:54
13.76,2025-04-19 07:58:56
11.76,2025-04-19 08:39:11
11.76,2025-04-19 08:50:11
10.76,2025-04-19 09:00:14
10.76,2025-04-19 09:30:40
10.76,2025-04-19 09:40:55
10.76,2025-04-19 09:51:16
10.76,2025-04-19 10:35:57
10.76,2025-04-19 10:46:01
10.76,2025-04-19 10:55:55
10.76,2025-04-19 11:24:38
10.76,2025-04-19 11:37:44
10.76,2025-04-19 11:48:04
10.76,2025-04-19 11:58:09
11.76,2025-04-19 13:03:12
11.76,2025-04-19 13:36:58
11.76,2025-04-19 13:46:59
11.76,2025-04-19 13:57:04
11.76,2025-04-19 14:33:27
11.76,2025-04-19 14:43:23
11.76,2025-04-19 14:53:38
9.76,2025-04-19 15:29:57
9.76,2025-04-19 15:41:07
9.76,2025-04-19 15:51:34
9.76,2025-04-19 16:40:39
9.76,2025-04-19 16:50:47
8.76,2025-04-19 17:29:07
8.76,2025-04-19 17:41:04
8.76,2025-04-19 17:51:09
9.76,2025-04-19 18:39:50
9.76,2025-04-19 18:50:03
9.76,2025-04-19 18:59:56
9.76,2025-04-19 19:23:54
9.76,2025-04-19 19:37:12
9.76,2025-04-19 19:47:23
9.76,2025-04-19 19:57:32
8.76,2025-04-19 20:32:23
8.76,2025-04-19 20:43:55
8.76,2025-04-19 20:54:12
8.76,2025-04-19 21:28:27
8.76,2025-04-19 21:39:55
8.76,2025-04-19 21:49:52
8.76,2025-04-19 21:59:38
8.76,2025-04-19 22:35:32
8.76,2025-04-19 22:45:31
8.76,2025-04-19 22:55:42
9.76,2025-04-19 23:30:57
9.76,2025-04-19 23:42:29
9.76,2025-04-19 23:52:13
17.76,2025-04-20 03:14:42
18.76,2025-04-20 03:55:35
20.76,2025-04-20 04:38:49
20.76,2025-04-20 04:51:04
21.76,2025-04-20 05:34:59
21.76,2025-04-20 05:44:58
21.76,2025-04-20 05:55:15
22.76,2025-04-20 06:45:02
22.76,2025-04-20 06:54:54
22.76,2025-04-20 07:29:14
22.76,2025-04-20 07:40:27
22.76,2025-04-20 07:50:34
22.76,2025-04-20 08:36:22
22.76,2025-04-20 08:48:52
22.76,2025-04-20 08:58:49
19.76,2025-04-20 09:30:07
19.76,2025-04-20 09:42:24
19.76,2025-04-20 09:52:16
17.76,2025-04-20 10:39:18
17.76,2025-04-20 10:50:03
17.76,2025-04-20 10:59:52
16.76,2025-04-20 11:25:08
16.76,2025-04-20 11:39:13
16.76,2025-04-20 11:49:31
16.76,2025-04-20 11:59:21
13.76,2025-04-20 13:15:35
13.76,2025-04-20 13:41:59
13.76,2025-04-20 13:52:14
12.76,2025-04-20 14:33:08
12.76,2025-04-20 14:45:04
12.76,2025-04-20 14:54:51
12.76,2025-04-20 15:30:39
12.76,2025-04-20 15:43:35
12.76,2025-04-20 15:53:46
11.76,2025-04-20 16:40:34
11.76,2025-04-20 16:50:47
11.76,2025-04-20 17:31:39
11.76,2025-04-20 17:43:20
11.76,2025-04-20 17:53:36
10.76,2025-04-20 18:43:24
10.76,2025-04-20 18:53:47
11.76,2025-04-20 19:23:08
11.76,2025-04-20 19:37:21
11.76,2025-04-20 19:47:26
11.76,2025-04-20 19:57:29
10.76,2025-04-20 20:32:05
10.76,2025-04-20 20:44:34
10.76,2025-04-20 20:54:22
15.18,2025-04-20 21:27:13
10.76,2025-04-20 21:40:54
10.76,2025-04-20 21:50:34
13.76,2025-04-20 22:36:20
13.76,2025-04-20 22:46:43
13.76,2025-04-20 22:56:39
17.76,2025-04-20 23:29:01
17.76,2025-04-20 23:40:59
17.76,2025-04-20 23:51:23
22.76,2025-04-21 03:27:47
22.76,2025-04-21 04:00:09
24.76,2025-04-21 04:43:53
24.76,2025-04-21 04:54:54
25.76,2025-04-21 05:42:06
25.76,2025-04-21 05:52:05
24.76,2025-04-21 06:51:04
25.76,2025-04-21 07:30:01
25.76,2025-04-21 07:41:36
25.76,2025-04-21 07:51:56
24.76,2025-04-21 08:45:57
24.76,2025-04-21 08:58:13
22.76,2025-04-21 09:35:39
22.76,2025-04-21 09:45:24
22.76,2025-04-21 09:55:26
21.76,2025-04-21 10:44:06
21.76,2025-04-21 10:54:21
20.76,2025-04-21 11:26:21
20.76,2025-04-21 11:40:10
20.76,2025-04-21 11:50:38
17.76,2025-04-21 13:16:49
17.76,2025-04-21 13:44:43
17.76,2025-04-21 13:55:03
17.76,2025-04-21 14:37:56
17.76,2025-04-21 14:48:11
17.76,2025-04-21 14:58:12
17.76,2025-04-21 15:36:39
17.76,2025-04-21 15:46:49
17.76,2025-04-21 15:57:02
17.76,2025-04-21 16:47:54
17.76,2025-04-21 16:57:56
17.76,2025-04-21 17:37:04
17.76,2025-04-21 17:47:10
17.76,2025-04-21 17:57:08
17.76,2025-04-21 18:48:29
17.76,2025-04-21 18:58:17
17.76,2025-04-21 19:26:55
17.76,2025-04-21 19:39:22
17.76,2025-04-21 19:49:36
17.76,2025-04-21 19:59:38
16.76,2025-04-21 20:35:52
16.76,2025-04-21 20:46:10
16.76,2025-04-21 20:56:12
16.76,2025-04-21 21:30:14
16.76,2025-04-21 21:43:47
16.76,2025-04-21 21:53:58
16.76,2025-04-21 22:37:23
16.76,2025-04-21 22:47:32
16.76,2025-04-21 22:57:42
17.76,2025-04-21 23:30:31
17.76,2025-04-21 23:44:12
17.76,2025-04-21 23:54:37
17.76,2025-04-22 03:11:42
15.76,2025-04-22 03:55:39
15.76,2025-04-22 04:43:51
15.76,2025-04-22 04:55:20
15.76,2025-04-22 05:38:42
15.76,2025-04-22 05:48:49
15.76,2025-04-22 05:58:47
16.76,2025-04-22 06:50:07
16.76,2025-04-22 07:00:12
16.76,2025-04-22 07:32:14
16.76,2025-04-22 07:42:36
16.76,2025-04-22 07:52:52
16.76,2025-04-22 08:46:43
16.76,2025-04-22 08:56:59
16.76,2025-04-22 09:36:10
16.76,2025-04-22 09:46:47
16.76,2025-04-22 09:57:00
16.76,2025-04-22 10:42:13
16.76,2025-04-22 10:52:17
16.76,2025-04-22 11:27:47
16.76,2025-04-22 11:41:21
16.76,2025-04-22 11:51:20
14.76,2025-04-22 13:19:42
14.76,2025-04-22 13:48:01
14.76,2025-04-22 13:58:23
14.76,2025-04-22 14:41:52
14.76,2025-04-22 14:51:52
13.76,2025-04-22 15:36:02
13.76,2025-04-22 15:47:48
13.76,2025-04-22 15:57:59
12.76,2025-04-22 16:48:15
12.76,2025-04-22 16:57:59
10.76,2025-04-22 17:37:23
10.76,2025-04-22 17:47:22
10.76,2025-04-22 17:57:28
9.76,2025-04-22 18:48:44
9.76,2025-04-22 18:58:44
13.82,2025-04-22 19:26:21
9.76,2025-04-22 19:40:14
9.76,2025-04-22 19:50:13
9.76,2025-04-22 20:00:12
9.76,2025-04-22 20:38:28
9.76,2025-04-22 20:49:47
9.76,2025-04-22 20:59:50
9.76,2025-04-22 21:31:21
9.76,2025-04-22 21:42:20
9.76,2025-04-22 21:52:43
11.76,2025-04-22 22:38:22
11.76,2025-04-22 22:48:17
11.76,2025-04-22 22:58:21
13.76,2025-04-22 23:30:19
13.76,2025-04-22 23:43:53
13.76,2025-04-22 23:54:09
19.76,2025-04-23 03:12:46
19.76,2025-04-23 03:53:59
21.76,2025-04-23 04:45:14
21.76,2025-04-23 04:56:40
20.76,2025-04-23 05:38:23
20.76,2025-04-23 05:48:47
20.76,2025-04-23 05:58:38
20.76,2025-04-23 06:50:06
20.76,2025-04-23 07:00:09
21.76,2025-04-23 07:37:16
21.76,2025-04-23 07:47:24
21.76,2025-04-23 07:57:35
20.76,2025-04-23 08:49:41
20.76,2025-04-23 08:59:31
19.76,2025-04-23 09:37:24
19.76,2025-04-23 09:47:35
19.76,2025-04-23 09:57:29
16.76,2025-04-23 10:44:51
16.76,2025-04-23 10:55:19
14.76,2025-04-23 11:27:54
14.76,2025-04-23 11:40:42
14.76,2025-04-23 11:51:02
15.9,2025-04-23 13:20:12
11.76,2025-04-23 13:48:10
11.76,2025-04-23 13:58:17
11.76,2025-04-23 14:43:54
11.76,2025-04-23 14:53:52
11.76,2025-04-23 15:38:50
11.76,2025-04-23 15:50:44
10.76,2025-04-23 16:50:46
9.76,2025-04-23 17:35:35
9.76,2025-04-23 17:45:53
9.76,2025-04-23 17:55:48
9.76,2025-04-23 18:51:57
9.76,2025-04-23 19:24:30
9.76,2025-04-23 19:39:57
9.76,2025-04-23 19:50:03
9.76,2025-04-23 20:00:02
9.76,2025-04-23 20:38:00
9.76,2025-04-23 20:50:02
9.76,2025-04-23 21:00:01
8.76,2025-04-23 21:31:58
8.76,2025-04-23 21:44:04
8.76,2025-04-23 21:54:25
10.76,2025-04-23 22:38:39
10.76,2025-04-23 22:48:47
10.76,2025-04-23 22:58:53
12.76,2025-04-23 23:31:15
12.76,2025-04-23 23:43:26
12.76,2025-04-23 23:53:29
17.76,2025-04-24 03:14:29
17.76,2025-04-24 03:55:22
17.76,2025-04-24 04:42:19
17.76,2025-04-24 04:53:29
17.76,2025-04-24 05:39:01
17.76,2025-04-24 05:49:13
17.76,2025-04-24 05:59:21
18.76,2025-04-24 06:51:13
17.76,2025-04-24 07:31:27
17.76,2025-04-24 07:42:48
17.76,2025-04-24 07:52:40
16.76,2025-04-24 08:47:50
16.76,2025-04-24 08:58:01
15.76,2025-04-24 09:37:37
15.76,2025-04-24 09:48:12
15.76,2025-04-24 09:58:21
13.76,2025-04-24 10:44:09
13.76,2025-04-24 10:54:11
12.76,2025-04-24 11:27:36
12.76,2025-04-24 11:40:41
12.76,2025-04-24 11:50:39
10.76,2025-04-24 13:35:49
10.76,2025-04-24 13:52:05
9.76,2025-04-24 14:40:19
9.76,2025-04-24 14:52:00
9.76,2025-04-24 15:38:16
9.76,2025-04-24 15:50:26
8.76,2025-04-24 16:47:16
8.76,2025-04-24 16:58:55
7.76,2025-04-24 17:32:03
7.76,2025-04-24 17:43:26
7.76,2025-04-24 17:53:29
8.76,2025-04-24 18:48:13
8.76,2025-04-24 18:58:16
7.76,2025-04-24 19:26:46
7.76,2025-04-24 19:41:10
7.76,2025-04-24 19:51:12
6.76,2025-04-24 20:35:03
6.76,2025-04-24 20:50:16
6.76,2025-04-24 21:00:39
7.76,2025-04-24 21:32:52
7.76,2025-04-24 21:44:45
7.76,2025-04-24 21:54:55
9.76,2025-04-24 22:39:26
9.76,2025-04-24 22:49:27
9.76,2025-04-24 22:59:18
11.76,2025-04-24 23:30:22
11.76,2025-04-24 23:44:40
11.76,2025-04-24 23:54:58
16.76,2025-04-25 03:14:14
16.76,2025-04-25 03:54:25
16.76,2025-04-25 04:42:59
16.76,2025-04-25 04:54:43
16.76,2025-04-25 05:38:03
16.76,2025-04-25 05:48:24
16.76,2025-04-25 05:58:22
16.76,2025-04-25 06:50:22
16.76,2025-04-25 07:00:22
16.76,2025-04-25 07:30:48
16.76,2025-04-25 07:42:00
16.76,2025-04-25 07:52:20
15.76,2025-04-25 08:45:09
15.76,2025-04-25 08:57:54
14.76,2025-04-25 09:35:27
14.76,2025-04-25 09:45:40
14.76,2025-04-25 09:56:07
12.76,2025-04-25 10:41:23
12.76,2025-04-25 10:51:18
11.76,2025-04-25 11:26:08
11.76,2025-04-25 11:39:59
11.76,2025-04-25 11:50:10
11.76,2025-04-25 12:00:13
10.76,2025-04-25 13:34:35
10.76,2025-04-25 13:49:01
10.76,2025-04-25 13:59:03
7.76,2025-04-25 14:39:52
7.76,2025-04-25 14:49:53
7.76,2025-04-25 14:59:45
8.76,2025-04-25 15:36:34
8.76,2025-04-25 15:47:24
8.76,2025-04-25 15:57:24
7.76,2025-04-25 16:48:44
7.76,2025-04-25 16:59:15
5.76,2025-04-25 17:34:34
5.76,2025-04-25 17:44:33
5.76,2025-04-25 17:54:46
6.76,2025-04-25 18:47:18
6.76,2025-04-25 18:57:06
5.76,2025-04-25 19:24:57
5.76,2025-04-25 19:39:32
5.76,2025-04-25 19:49:52
5.76,2025-04-25 19:59:56
4.76,2025-04-25 20:37:56
4.76,2025-04-25 20:49:51
4.76,2025-04-25 20:59:42
5.76,2025-04-25 21:31:25
5.76,2025-04-25 21:43:59
5.76,2025-04-25 21:54:04
8.76,2025-04-25 22:39:05
8.76,2025-04-25 22:51:28
11.76,2025-04-25 23:28:33
11.76,2025-04-25 23:42:07
11.76,2025-04-25 23:52:41
17.76,2025-04-26 03:07:59
17.76,2025-04-26 03:51:53
17.76,2025-04-26 04:39:55
17.76,2025-04-26 04:50:38
17.76,2025-04-26 05:36:17
17.76,2025-04-26 05:46:08
17.76,2025-04-26 05:56:20
16.76,2025-04-26 06:44:07
16.76,2025-04-26 06:54:20
16.76,2025-04-26 07:26:42
16.76,2025-04-26 07:39:49
16.76,2025-04-26 07:49:50
16.76,2025-04-26 08:00:05
16.76,2025-04-26 08:40:41
16.76,2025-04-26 08:51:32
14.76,2025-04-26 09:29:28
14.76,2025-04-26 09:40:54
14.76,2025-04-26 09:51:00
13.76,2025-04-26 10:37:05
13.76,2025-04-26 10:47:16
13.76,2025-04-26 10:57:03
13.76,2025-04-26 11:23:51
13.76,2025-04-26 11:38:04
13.76,2025-04-26 11:48:29
13.76,2025-04-26 11:58:26
13.76,2025-04-26 13:04:51
12.76,2025-04-26 13:38:35
12.76,2025-04-26 13:48:48
12.76,2025-04-26 13:58:50
11.76,2025-04-26 14:33:06
11.76,2025-04-26 14:43:15
11.76,2025-04-26 14:53:18
8.76,2025-04-26 15:30:31
8.76,2025-04-26 15:41:54
8.76,2025-04-26 15:51:48
7.76,2025-04-26 16:39:28
7.76,2025-04-26 16:50:14
7.76,2025-04-26 17:00:24
8.76,2025-04-26 17:30:03
8.76,2025-04-26 17:39:58
8.76,2025-04-26 17:50:01
8.76,2025-04-26 17:59:51
7.76,2025-04-26 18:42:44
7.76,2025-04-26 18:52:32
7.76,2025-04-26 19:23:47
7.76,2025-04-26 19:37:08
7.76,2025-04-26 19:47:02
7.76,2025-04-26 19:57:05
8.76,2025-04-26 20:31:27
8.76,2025-04-26 20:42:59
8.76,2025-04-26 20:53:22
8.76,2025-04-26 21:27:12
8.76,2025-04-26 21:39:21
8.76,2025-04-26 21:49:22
8.76,2025-04-26 21:59:12
11.76,2025-04-26 22:35:00
11.76,2025-04-26 22:45:46
11.76,2025-04-26 22:55:55
14.76,2025-04-26 23:29:31
14.76,2025-04-26 23:41:17
14.76,2025-04-26 23:51:23
17.76,2025-04-27 03:15:02
17.76,2025-04-27 03:55:29
17.76,2025-04-27 04:39:23
17.76,2025-04-27 04:50:14
17.76,2025-04-27 05:00:01
18.76,2025-04-27 05:36:57
18.76,2025-04-27 05:47:07
18.76,2025-04-27 05:57:19
17.76,2025-04-27 06:45:28
17.76,2025-04-27 06:55:23
16.76,2025-04-27 07:26:42
16.76,2025-04-27 07:38:27
16.76,2025-04-27 07:48:31
16.76,2025-04-27 07:58:20
15.76,2025-04-27 08:39:56
15.76,2025-04-27 08:52:13
15.76,2025-04-27 09:29:55
15.76,2025-04-27 09:41:16
15.76,2025-04-27 09:51:25
14.76,2025-04-27 10:37:33
14.76,2025-04-27 10:47:48
14.76,2025-04-27 10:58:04
13.76,2025-04-27 11:25:11
13.76,2025-04-27 11:39:12
13.76,2025-04-27 11:49:24
13.76,2025-04-27 11:59:33
13.24,2025-04-27 13:13:11
10.76,2025-04-27 13:38:34
10.76,2025-04-27 13:48:42
10.76,2025-04-27 13:58:51
11.76,2025-04-27 14:32:43
11.76,2025-04-27 14:42:42
11.76,2025-04-27 14:52:54
10.76,2025-04-27 15:30:37
10.76,2025-04-27 15:42:39
10.76,2025-04-27 15:52:38
9.76,2025-04-27 16:41:49
9.76,2025-04-27 16:51:45
10.76,2025-04-27 17:31:06
10.76,2025-04-27 17:42:57
10.76,2025-04-27 17:53:15
10.76,2025-04-27 18:41:20
10.76,2025-04-27 18:51:18
10.76,2025-04-27 19:22:30
10.76,2025-04-27 19:36:18
10.76,2025-04-27 19:46:15
10.76,2025-04-27 19:56:06
7.76,2025-04-27 20:32:25
7.76,2025-04-27 20:43:59
7.76,2025-04-27 20:54:07
7.76,2025-04-27 21:27:32
7.76,2025-04-27 21:39:35
7.76,2025-04-27 21:49:36
7.76,2025-04-27 21:59:59
10.76,2025-04-27 22:36:01
10.76,2025-04-27 22:46:04
10.76,2025-04-27 22:56:11
12.76,2025-04-27 23:32:27
12.76,2025-04-27 23:43:22
12.76,2025-04-27 23:53:38
18.76,2025-04-28 03:28:34
18.76,2025-04-28 03:59:51
18.76,2025-04-28 04:46:35
18.76,2025-04-28 04:56:33
19.76,2025-04-28 05:56:14
19.76,2025-04-28 07:01:11
14.76,2025-04-28 11:13:18
14.76,2025-04-28 11:46:56
14.76,2025-04-28 11:57:09
11.76,2025-04-28 13:50:33
11.76,2025-04-28 14:46:21
11.76,2025-04-28 14:56:11
9.76,2025-04-28 15:38:00
9.76,2025-04-28 15:49:36
9.76,2025-04-28 15:59:34
10.76,2025-04-28 16:47:16
10.76,2025-04-28 16:57:14
7.76,2025-04-28 17:33:53
7.76,2025-04-28 17:44:24
7.76,2025-04-28 17:54:24
6.76,2025-04-28 18:48:37
6.76,2025-04-28 18:58:46
7.76,2025-04-28 19:25:23
7.76,2025-04-28 19:39:41
7.76,2025-04-28 19:50:00
7.76,2025-04-28 20:00:11
5.76,2025-04-28 20:32:27
5.76,2025-04-28 20:45:00
5.76,2025-04-28 20:54:49
6.76,2025-04-28 21:29:45
6.76,2025-04-28 21:41:02
6.76,2025-04-28 21:50:50
8.76,2025-04-28 22:38:00
8.76,2025-04-28 22:48:15
8.76,2025-04-28 22:58:13
12.76,2025-04-28 23:30:26
12.76,2025-04-28 23:43:36
12.76,2025-04-28 23:53:42
18.76,2025-04-29 03:14:21
18.76,2025-04-29 03:55:24
19.76,2025-04-29 04:40:34
19.76,2025-04-29 04:52:15
19.76,2025-04-29 05:38:10
19.76,2025-04-29 05:48:03
19.76,2025-04-29 05:57:57
19.76,2025-04-29 06:50:44
19.76,2025-04-29 07:31:42
19.76,2025-04-29 07:43:28
19.76,2025-04-29 07:53:39
18.76,2025-04-29 08:50:28
16.76,2025-04-29 09:38:40
16.76,2025-04-29 09:50:14
16.76,2025-04-29 10:00:10
14.76,2025-04-29 10:47:30
14.76,2025-04-29 10:57:15
13.76,2025-04-29 11:28:11
13.76,2025-04-29 11:42:24
13.76,2025-04-29 11:52:46
9.76,2025-04-29 13:44:09
9.76,2025-04-29 13:56:43
10.76,2025-04-29 14:42:37
10.76,2025-04-29 14:53:19
11.76,2025-04-29 15:38:01
11.76,2025-04-29 15:50:14
11.76,2025-04-29 16:00:20
8.76,2025-04-29 16:48:48
8.76,2025-04-29 16:59:05
9.76,2025-04-29 17:36:52
9.76,2025-04-29 17:46:41
9.76,2025-04-29 17:56:47
10.76,2025-04-29 18:47:49
10.76,2025-04-29 18:57:58
8.76,2025-04-29 19:26:16
8.76,2025-04-29 19:39:48
8.76,2025-04-29 19:49:57
8.76,2025-04-29 20:00:05
8.76,2025-04-29 20:38:45
8.76,2025-04-29 20:53:37
7.76,2025-04-29 21:29:49
7.76,2025-04-29 21:42:26
7.76,2025-04-29 21:52:35
12.76,2025-04-29 22:38:01
12.76,2025-04-29 22:48:02
12.76,2025-04-29 22:58:04
15.76,2025-04-29 23:30:19
15.76,2025-04-29 23:43:23
15.76,2025-04-29 23:53:31
22.76,2025-04-30 03:14:11
22.76,2025-04-30 03:54:58
24.76,2025-04-30 04:44:01
24.76,2025-04-30 04:57:46
24.76,2025-04-30 05:39:04
24.76,2025-04-30 05:49:14
24.76,2025-04-30 05:59:26
24.76,2025-04-30 06:53:16
24.76,2025-04-30 07:13:33
24.76,2025-04-30 07:30:23
24.76,2025-04-30 07:42:02
24.76,2025-04-30 07:52:12
25.35,2025-04-30 08:15:54
23.76,2025-04-30 08:41:55
23.76,2025-04-30 08:55:24
24.66,2025-04-30 09:19:49
22.76,2025-04-30 09:37:38
22.76,2025-04-30 09:47:53
22.76,2025-04-30 09:58:03
20.76,2025-04-30 10:26:25
20.76,2025-04-30 10:44:40
20.76,2025-04-30 10:54:33
19.58,2025-04-30 11:13:56
19.76,2025-04-30 11:28:11
19.76,2025-04-30 11:39:46
19.76,2025-04-30 11:50:05
19.76,2025-04-30 12:00:14
17.76,2025-04-30 12:52:04
18.51,2025-04-30 13:22:12
17.76,2025-04-30 13:42:37
17.76,2025-04-30 13:52:39
17.76,2025-04-30 14:12:38
16.76,2025-04-30 14:35:23
16.76,2025-04-30 14:48:35
16.76,2025-04-30 14:58:15
16.76,2025-04-30 15:27:04
16.76,2025-04-30 15:42:25
16.76,2025-04-30 15:52:52
16.74,2025-04-30 16:16:14
14.76,2025-04-30 16:42:49
14.76,2025-04-30 16:55:51
12.76,2025-04-30 17:17:14
12.76,2025-04-30 17:34:45
12.76,2025-04-30 17:44:48
12.76,2025-04-30 17:54:45
11.76,2025-04-30 18:23:59
11.76,2025-04-30 18:46:36
11.76,2025-04-30 18:56:37
11.76,2025-04-30 19:17:14
15.76,2025-04-30 19:27:15
15.76,2025-04-30 19:38:55
15.76,2025-04-30 19:49:11
15.76,2025-04-30 19:59:28
14.76,2025-04-30 20:27:50
14.76,2025-04-30 20:42:46
14.76,2025-04-30 20:52:48
13.76,2025-04-30 21:11:51
13.76,2025-04-30 21:29:45
13.76,2025-04-30 21:42:01
13.76,2025-04-30 21:52:13
13.76,2025-04-30 22:10:59
16.76,2025-04-30 22:33:05
16.76,2025-04-30 22:45:15
16.76,2025-04-30 22:55:26
16.76,2025-04-30 23:17:38
16.76,2025-04-30 23:31:54
16.76,2025-04-30 23:43:39
16.76,2025-04-30 23:53:30
12.76,2025-05-01 01:16:05
12.76,2025-05-01 02:56:32
13.76,2025-05-01 03:46:03
13.76,2025-05-01 04:13:02
13.76,2025-05-01 04:41:25
13.76,2025-05-01 04:53:57
14.76,2025-05-01 05:15:59
14.76,2025-05-01 05:36:55
14.76,2025-05-01 05:47:21
14.76,2025-05-01 05:57:31
13.76,2025-05-01 06:34:03
13.76,2025-05-01 06:51:44
13.76,2025-05-01 07:11:14
13.76,2025-05-01 07:29:15
13.76,2025-05-01 07:41:11
13.76,2025-05-01 07:51:07
13.76,2025-05-01 08:12:56
13.76,2025-05-01 08:38:43
13.76,2025-05-01 08:53:16
13.76,2025-05-01 09:14:39
13.76,2025-05-01 09:32:53
13.76,2025-05-01 09:44:57
13.76,2025-05-01 09:55:10
12.76,2025-05-01 10:19:26
12.76,2025-05-01 10:41:08
12.76,2025-05-01 10:51:24
12.76,2025-05-01 11:08:17
12.76,2025-05-01 11:25:22
12.76,2025-05-01 11:36:58
12.76,2025-05-01 11:47:10
12.76,2025-05-01 11:57:13
11.76,2025-05-01 12:44:51
11.76,2025-05-01 13:16:27
11.76,2025-05-01 13:39:56
11.76,2025-05-01 13:50:26
11.76,2025-05-01 14:00:54
11.76,2025-05-01 14:26:29
11.76,2025-05-01 14:41:28
11.76,2025-05-01 14:51:37
10.91,2025-05-01 15:10:02
9.76,2025-05-01 15:30:43
9.76,2025-05-01 15:44:31
9.76,2025-05-01 15:54:37
10.8,2025-05-01 16:20:58
9.76,2025-05-01 16:43:28
9.76,2025-05-01 16:56:15
9.76,2025-05-01 17:18:09
9.76,2025-05-01 17:35:10
9.76,2025-05-01 17:45:15
9.76,2025-05-01 17:55:24
8.76,2025-05-01 18:26:21
8.76,2025-05-01 18:48:04
8.76,2025-05-01 18:57:57
9.81,2025-05-01 19:19:10
8.76,2025-05-01 19:29:08
8.76,2025-05-01 19:40:11
8.76,2025-05-01 19:50:03
8.76,2025-05-01 19:59:57
6.76,2025-05-01 20:26:43
6.76,2025-05-01 20:40:54
6.76,2025-05-01 20:51:13
6.76,2025-05-01 21:08:46
9.96,2025-05-01 21:26:47
7.76,2025-05-01 21:39:07
7.76,2025-05-01 21:49:27
7.76,2025-05-01 21:59:32
9.76,2025-05-01 22:25:47
9.76,2025-05-01 22:41:52
9.76,2025-05-01 22:51:42
9.76,2025-05-01 23:10:22
11.76,2025-05-01 23:28:40
11.76,2025-05-01 23:42:05
11.76,2025-05-01 23:52:16
12.76,2025-05-02 00:57:58
16.76,2025-05-02 02:40:43
16.76,2025-05-02 03:30:38
16.76,2025-05-02 03:54:45
18.35,2025-05-02 04:19:54
16.76,2025-05-02 04:41:15
16.76,2025-05-02 04:53:39
16.76,2025-05-02 05:15:11
16.76,2025-05-02 05:36:42
16.76,2025-05-02 05:47:14
16.76,2025-05-02 05:57:27
17.76,2025-05-02 06:33:22
17.76,2025-05-02 06:51:25
17.76,2025-05-02 07:10:21
17.76,2025-05-02 07:28:37
17.76,2025-05-02 07:41:13
17.76,2025-05-02 07:51:27
17.45,2025-05-02 08:14:05
15.76,2025-05-02 08:40:29
15.76,2025-05-02 08:54:20
15.76,2025-05-02 09:17:03
14.76,2025-05-02 09:34:20
14.76,2025-05-02 09:44:57
14.76,2025-05-02 09:55:05
13.76,2025-05-02 10:18:49
13.76,2025-05-02 10:40:44
13.76,2025-05-02 10:51:04
12.76,2025-05-02 11:07:52
12.76,2025-05-02 11:25:27
12.76,2025-05-02 11:38:11
12.76,2025-05-02 11:48:30
12.76,2025-05-02 11:58:42
12.76,2025-05-02 12:50:56
12.76,2025-05-02 13:20:18
12.76,2025-05-02 13:41:27
12.76,2025-05-02 13:51:32
12.76,2025-05-02 14:10:07
12.76,2025-05-02 14:33:28
12.76,2025-05-02 14:46:18
12.76,2025-05-02 14:56:30
12.76,2025-05-02 15:21:43
12.76,2025-05-02 15:37:41
12.76,2025-05-02 15:48:05
12.76,2025-05-02 15:57:52
12.76,2025-05-02 16:30:50
12.76,2025-05-02 16:49:24
12.76,2025-05-02 16:59:30
9.82,2025-05-02 17:23:36
10.76,2025-05-02 17:38:38
10.76,2025-05-02 17:48:51
10.76,2025-05-02 17:58:41
10.76,2025-05-02 18:34:30
10.76,2025-05-02 18:50:23
10.76,2025-05-02 19:00:33
9.76,2025-05-02 19:20:57
9.76,2025-05-02 19:31:33
9.76,2025-05-02 19:41:28
9.76,2025-05-02 19:51:37
9.76,2025-05-02 20:11:36
8.76,2025-05-02 20:32:02
8.76,2025-05-02 20:44:50
8.76,2025-05-02 20:54:43
8.76,2025-05-02 21:16:00
8.76,2025-05-02 21:31:09
8.76,2025-05-02 21:43:07
8.76,2025-05-02 21:53:19
10.12,2025-05-02 22:13:12
8.76,2025-05-02 22:36:01
8.76,2025-05-02 22:48:25
8.76,2025-05-02 22:58:44
9.76,2025-05-02 23:23:20
9.76,2025-05-02 23:36:38
9.76,2025-05-02 23:46:41
9.76,2025-05-02 23:56:48
9.76,2025-05-03 01:46:17
10.76,2025-05-03 02:57:17
10.76,2025-05-03 03:37:14
10.76,2025-05-03 03:54:26
10.76,2025-05-03 04:19:06
12.76,2025-05-03 04:40:10
12.76,2025-05-03 04:51:58
12.76,2025-05-03 05:10:48
13.76,2025-05-03 05:32:41
13.76,2025-05-03 05:44:24
13.76,2025-05-03 05:54:29
12.76,2025-05-03 06:21:29
12.76,2025-05-03 06:42:45
12.76,2025-05-03 06:53:40
13.76,2025-05-03 07:13:08
13.76,2025-05-03 07:28:07
13.76,2025-05-03 07:39:40
13.76,2025-05-03 07:49:57
13.76,2025-05-03 08:00:03
13.76,2025-05-03 08:30:22
13.76,2025-05-03 08:45:58
13.76,2025-05-03 08:56:03
12.62,2025-05-03 09:19:04
12.76,2025-05-03 09:33:02
12.76,2025-05-03 09:43:07
12.76,2025-05-03 09:53:05
13.39,2025-05-03 10:12:45
11.76,2025-05-03 10:34:18
11.76,2025-05-03 10:45:22
11.76,2025-05-03 10:55:24
10.76,2025-05-03 11:14:32
10.76,2025-05-03 11:27:31
10.76,2025-05-03 11:38:41
10.76,2025-05-03 11:48:30
10.76,2025-05-03 11:58:36
10.76,2025-05-03 12:47:44
9.76,2025-05-03 13:14:08
9.76,2025-05-03 13:34:10
9.76,2025-05-03 13:44:20
9.76,2025-05-03 13:54:33
9.76,2025-05-03 14:14:20
9.76,2025-05-03 14:32:45
9.76,2025-05-03 14:43:48
9.76,2025-05-03 14:54:01
10.04,2025-05-03 15:14:17
9.76,2025-05-03 15:30:56
9.76,2025-05-03 15:41:51
9.76,2025-05-03 15:52:05
9.76,2025-05-03 16:12:28
8.76,2025-05-03 16:37:08
8.76,2025-05-03 16:50:20
8.76,2025-05-03 17:00:27
9.54,2025-05-03 17:22:07
6.76,2025-05-03 17:35:33
6.76,2025-05-03 17:45:25
6.76,2025-05-03 17:55:23
5.76,2025-05-03 18:23:51
5.76,2025-05-03 18:43:27
5.76,2025-05-03 18:53:21
5.76,2025-05-03 19:10:18
9,2025-05-03 19:23:33
5.76,2025-05-03 19:35:20
5.76,2025-05-03 19:45:09
5.76,2025-05-03 19:55:21
4.76,2025-05-03 20:18:41
4.76,2025-05-03 20:33:59
4.76,2025-05-03 20:44:28
4.76,2025-05-03 20:54:36
8.85,2025-05-03 21:14:25
4.76,2025-05-03 21:29:07
4.76,2025-05-03 21:40:00
4.76,2025-05-03 21:50:11
4.76,2025-05-03 22:00:18
9.76,2025-05-03 22:25:19
9.76,2025-05-03 22:40:09
9.76,2025-05-03 22:50:18
9.76,2025-05-03 23:00:31
12.43,2025-05-03 23:24:02
12.76,2025-05-03 23:36:23
12.76,2025-05-03 23:46:37
12.76,2025-05-03 23:56:31
16.76,2025-05-04 01:54:33
17.76,2025-05-04 03:14:43
18.76,2025-05-04 03:53:20
18.67,2025-05-04 04:17:48
18.76,2025-05-04 04:40:20
18.76,2025-05-04 04:51:54
19.76,2025-05-04 05:10:53
19.76,2025-05-04 05:32:24
19.76,2025-05-04 05:44:50
19.76,2025-05-04 05:54:45
18.76,2025-05-04 06:23:27
18.76,2025-05-04 06:45:05
18.76,2025-05-04 06:55:46
18.76,2025-05-04 07:17:21
17.76,2025-05-04 07:29:43
17.76,2025-05-04 07:39:36
17.76,2025-05-04 07:49:42
17.76,2025-05-04 07:59:56
17.76,2025-05-04 08:30:31
17.76,2025-05-04 08:45:54
17.76,2025-05-04 08:55:39
16.76,2025-05-04 09:18:19
16.76,2025-05-04 09:32:37
16.76,2025-05-04 09:42:50
16.76,2025-05-04 09:52:41
14.76,2025-05-04 10:12:07
14.76,2025-05-04 10:34:17
14.76,2025-05-04 10:45:30
14.76,2025-05-04 10:55:42
14.76,2025-05-04 11:14:49
13.76,2025-05-04 11:26:59
13.76,2025-05-04 11:38:22
13.76,2025-05-04 11:48:19
13.76,2025-05-04 11:58:27
11.76,2025-05-04 12:48:19
14.4,2025-05-04 13:15:02
10.76,2025-05-04 13:35:14
10.76,2025-05-04 13:45:11
10.76,2025-05-04 13:55:19
10.76,2025-05-04 14:15:30
10.76,2025-05-04 14:33:04
10.76,2025-05-04 14:43:43
10.76,2025-05-04 14:53:49
13.05,2025-05-04 15:14:06
6.76,2025-05-04 15:31:10
6.76,2025-05-04 15:42:54
6.76,2025-05-04 15:53:21
6.76,2025-05-04 16:15:44
6.76,2025-05-04 16:39:07
6.76,2025-05-04 16:50:49
6.76,2025-05-04 17:06:41
7.76,2025-05-04 17:27:13
7.76,2025-05-04 17:39:54
7.76,2025-05-04 17:49:57
7.76,2025-05-04 18:00:00
7.76,2025-05-04 18:32:53
7.76,2025-05-04 18:48:58
7.76,2025-05-04 18:59:06
10.81,2025-05-04 19:19:57
7.76,2025-05-04 19:30:02
7.76,2025-05-04 19:40:59
7.76,2025-05-04 19:51:10
7.76,2025-05-04 20:09:32
9.76,2025-05-04 20:30:19
9.76,2025-05-04 20:43:17
9.76,2025-05-04 20:53:15
9.76,2025-05-04 21:11:59
8.76,2025-05-04 21:28:16
8.76,2025-05-04 21:40:57
8.76,2025-05-04 21:50:41
8.76,2025-05-04 22:07:43
10.76,2025-05-04 22:30:53
10.76,2025-05-04 22:43:47
10.76,2025-05-04 22:54:04
10.76,2025-05-04 23:14:12
12.76,2025-05-04 23:29:57
12.76,2025-05-04 23:41:39
12.76,2025-05-04 23:51:48
13.76,2025-05-05 00:56:39
14.76,2025-05-05 02:44:05
14.76,2025-05-05 03:34:03
14.76,2025-05-05 03:58:20
13.76,2025-05-05 04:31:09
13.76,2025-05-05 04:47:54
13.76,2025-05-05 04:57:51
12.76,2025-05-05 05:25:36
12.76,2025-05-05 05:42:41
12.76,2025-05-05 05:52:40
14.13,2025-05-05 06:19:23
13.76,2025-05-05 06:46:13
13.76,2025-05-05 06:57:29
13.76,2025-05-05 07:23:50
13.76,2025-05-05 07:37:42
13.76,2025-05-05 07:47:47
13.76,2025-05-05 07:57:39
13.76,2025-05-05 08:33:14
13.76,2025-05-05 08:52:25
13.85,2025-05-05 09:13:33
12.76,2025-05-05 09:34:52
12.76,2025-05-05 09:47:48
12.76,2025-05-05 09:57:38
12.76,2025-05-05 10:26:54
12.76,2025-05-05 10:46:08
12.76,2025-05-05 10:56:15
11.76,2025-05-05 11:17:15
11.76,2025-05-05 11:29:44
11.76,2025-05-05 11:41:14
11.76,2025-05-05 11:51:22
11.61,2025-05-05 12:18:50
12.76,2025-05-05 13:01:08
11.76,2025-05-05 13:35:23
11.76,2025-05-05 13:48:43
11.76,2025-05-05 13:58:49
10.76,2025-05-05 14:27:22
10.76,2025-05-05 14:46:11
10.76,2025-05-05 14:56:08
8.76,2025-05-05 15:21:46
8.76,2025-05-05 15:38:35
8.76,2025-05-05 15:49:09
8.76,2025-05-05 15:59:25
7.76,2025-05-05 16:33:31
7.76,2025-05-05 16:51:11
7.76,2025-05-05 17:08:37
6.76,2025-05-05 17:30:36
6.76,2025-05-05 17:43:19
6.76,2025-05-05 17:53:35
6.76,2025-05-05 18:16:51
6.76,2025-05-05 18:41:36
6.76,2025-05-05 18:53:15
6.76,2025-05-05 19:10:00
6.76,2025-05-05 19:24:22
6.76,2025-05-05 19:36:25
6.76,2025-05-05 19:46:40
6.76,2025-05-05 19:56:50
6.76,2025-05-05 20:24:36
6.76,2025-05-05 20:40:40
6.76,2025-05-05 20:51:22
6.76,2025-05-05 21:09:11
5.76,2025-05-05 21:28:50
5.76,2025-05-05 21:41:59
5.76,2025-05-05 21:52:21
5.76,2025-05-05 22:11:43
8.76,2025-05-05 22:34:35
8.76,2025-05-05 22:46:41
8.76,2025-05-05 22:56:49
12.66,2025-05-05 23:20:13
11.76,2025-05-05 23:33:40
11.76,2025-05-05 23:44:47
11.76,2025-05-05 23:54:50
15.76,2025-05-06 01:22:23
17.76,2025-05-06 02:51:14
17.76,2025-05-06 03:33:21
17.76,2025-05-06 03:55:30
20.65,2025-05-06 04:22:39
17.76,2025-05-06 04:43:07
17.76,2025-05-06 04:55:23
17.76,2025-05-06 05:19:00
17.76,2025-05-06 05:38:31
17.76,2025-05-06 05:48:42
17.76,2025-05-06 05:58:39
18.76,2025-05-06 06:36:00
18.76,2025-05-06 06:52:22
18.76,2025-05-06 07:12:40
18.76,2025-05-06 07:31:13
18.76,2025-05-06 07:43:23
18.76,2025-05-06 07:53:30
18.39,2025-05-06 08:20:11
17.76,2025-05-06 08:43:26
17.76,2025-05-06 08:56:54
16.76,2025-05-06 09:24:34
16.76,2025-05-06 09:40:46
16.76,2025-05-06 09:50:41
14.76,2025-05-06 10:09:23
14.76,2025-05-06 10:35:54
14.76,2025-05-06 10:49:33
14.76,2025-05-06 10:59:33
13.76,2025-05-06 11:22:04
13.76,2025-05-06 11:33:44
13.76,2025-05-06 11:44:02
13.76,2025-05-06 11:53:57
11.76,2025-05-06 12:33:27
11.76,2025-05-06 13:16:41
10.76,2025-05-06 13:44:14
10.76,2025-05-06 13:54:38
14.4,2025-05-06 14:17:27
11.76,2025-05-06 14:40:55
11.76,2025-05-06 14:52:46
10.76,2025-05-06 15:16:32
10.76,2025-05-06 15:41:36
10.76,2025-05-06 15:53:24
13.48,2025-05-06 16:16:52
8.76,2025-05-06 16:42:28
8.76,2025-05-06 16:55:12
7.76,2025-05-06 17:16:22
7.76,2025-05-06 17:34:33
7.76,2025-05-06 17:45:04
7.76,2025-05-06 17:55:11
7.76,2025-05-06 18:25:59
7.76,2025-05-06 18:47:11
7.76,2025-05-06 18:57:20
8.76,2025-05-06 19:18:01
8.76,2025-05-06 19:28:24
8.76,2025-05-06 19:39:40
8.76,2025-05-06 19:49:51
8.76,2025-05-06 19:59:42
6.76,2025-05-06 20:28:47
6.76,2025-05-06 20:43:40
6.76,2025-05-06 20:53:49
6.76,2025-05-06 21:14:16
6.76,2025-05-06 21:31:07
6.76,2025-05-06 21:42:39
6.76,2025-05-06 21:52:55
12.71,2025-05-06 22:12:31
11.76,2025-05-06 22:34:26
11.76,2025-05-06 22:46:18
11.76,2025-05-06 22:56:23
13.76,2025-05-06 23:19:06
13.76,2025-05-06 23:32:52
13.76,2025-05-06 23:43:56
13.76,2025-05-06 23:54:04
15.76,2025-05-07 01:15:58
18.76,2025-05-07 02:50:02
19.76,2025-05-07 03:33:21
19.76,2025-05-07 03:57:10
17.76,2025-05-07 04:27:07
17.76,2025-05-07 04:45:34
17.76,2025-05-07 04:56:23
19.39,2025-05-07 05:21:00
19.76,2025-05-07 05:39:42
19.76,2025-05-07 05:49:59
19.76,2025-05-07 06:00:05
19.76,2025-05-07 06:37:18
19.76,2025-05-07 06:53:53
18.76,2025-05-07 07:15:26
18.76,2025-05-07 07:31:58
18.76,2025-05-07 07:43:44
18.76,2025-05-07 07:53:52
17.76,2025-05-07 08:21:26
17.76,2025-05-07 08:45:04
17.76,2025-05-07 08:58:21
16.76,2025-05-07 09:28:23
16.76,2025-05-07 09:44:10
16.76,2025-05-07 09:54:15
16.56,2025-05-07 10:17:56
14.76,2025-05-07 10:41:52
14.76,2025-05-07 10:53:11
15.96,2025-05-07 11:12:21
12.76,2025-05-07 11:28:32
12.76,2025-05-07 11:40:58
12.76,2025-05-07 11:51:05
15.34,2025-05-07 12:18:12
12.76,2025-05-07 13:03:19
11.76,2025-05-07 13:39:08
11.76,2025-05-07 13:53:05
11.76,2025-05-07 14:14:04
10.76,2025-05-07 14:40:29
10.76,2025-05-07 14:53:27
8.76,2025-05-07 15:16:32
8.76,2025-05-07 15:39:00
8.76,2025-05-07 15:51:49
8.76,2025-05-07 16:14:00
8.76,2025-05-07 16:43:03
8.76,2025-05-07 16:57:56
9.76,2025-05-07 17:22:14
9.76,2025-05-07 17:39:12
9.76,2025-05-07 17:49:25
9.76,2025-05-07 17:59:21
8.76,2025-05-07 18:35:22
8.76,2025-05-07 18:51:53
8.76,2025-05-07 19:09:03
8.76,2025-05-07 19:25:48
8.76,2025-05-07 19:37:08
8.76,2025-05-07 19:47:21
8.76,2025-05-07 19:57:15
6.76,2025-05-07 20:26:33
6.76,2025-05-07 20:43:05
6.76,2025-05-07 20:53:10
6.76,2025-05-07 21:12:22
6.76,2025-05-07 21:29:03
6.76,2025-05-07 21:41:09
6.76,2025-05-07 21:51:15
6.76,2025-05-07 22:09:46
10.76,2025-05-07 22:33:56
10.76,2025-05-07 22:46:40
10.76,2025-05-07 22:56:57
14.38,2025-05-07 23:21:04
14.76,2025-05-07 23:36:55
14.76,2025-05-07 23:47:06
14.76,2025-05-07 23:57:13
18.76,2025-05-08 01:55:10
19.76,2025-05-08 03:10:18
21.76,2025-05-08 03:49:12
23.76,2025-05-08 04:11:25
23.76,2025-05-08 04:38:36
23.76,2025-05-08 04:52:42
23.76,2025-05-08 05:13:35
23.76,2025-05-08 05:36:00
23.76,2025-05-08 05:48:00
23.76,2025-05-08 05:58:08
24.76,2025-05-08 06:36:13
24.76,2025-05-08 06:53:34
25.14,2025-05-08 07:14:24
23.76,2025-05-08 07:31:50
23.76,2025-05-08 07:43:34
23.76,2025-05-08 07:53:32
20.76,2025-05-08 08:19:44
20.76,2025-05-08 08:43:33
20.76,2025-05-08 08:57:12
18.76,2025-05-08 09:25:07
18.76,2025-05-08 09:40:55
18.76,2025-05-08 09:51:02
18.76,2025-05-08 10:10:31
16.76,2025-05-08 10:37:07
16.76,2025-05-08 10:50:43
16.76,2025-05-08 11:07:29
16.76,2025-05-08 11:25:44
16.76,2025-05-08 11:37:59
16.76,2025-05-08 11:48:09
16.76,2025-05-08 11:58:16
15.76,2025-05-08 12:52:51
15.76,2025-05-08 13:25:34
15.76,2025-05-08 13:43:01
15.76,2025-05-08 13:53:06
15.76,2025-05-08 14:12:56
15.76,2025-05-08 14:36:23
15.76,2025-05-08 14:48:11
15.76,2025-05-08 14:58:25
15.76,2025-05-08 15:28:49
15.76,2025-05-08 15:44:42
15.76,2025-05-08 15:54:36
17.55,2025-05-08 16:21:51
17.36,2025-05-08 16:45:37
17.36,2025-05-08 16:58:13
17.48,2025-05-08 17:22:17
17.23,2025-05-08 17:37:36
15.76,2025-05-08 17:47:42
15.76,2025-05-08 17:57:37
14.76,2025-05-08 18:33:34
14.76,2025-05-08 18:52:13
14.76,2025-05-08 19:09:39
17.16,2025-05-08 19:25:55
14.76,2025-05-08 19:37:38
14.76,2025-05-08 19:47:57
14.76,2025-05-08 19:57:51
14.76,2025-05-08 20:27:08
14.76,2025-05-08 20:43:09
14.76,2025-05-08 20:53:18
14.76,2025-05-08 21:13:27
14.76,2025-05-08 21:30:37
14.76,2025-05-08 21:42:54
14.76,2025-05-08 21:53:01
14.76,2025-05-08 22:12:45
14.76,2025-05-08 22:34:35
14.76,2025-05-08 22:46:32
14.76,2025-05-08 22:56:20
14.76,2025-05-08 23:20:04
14.76,2025-05-08 23:34:56
14.76,2025-05-08 23:45:59
14.76,2025-05-08 23:56:11
14.76,2025-05-09 01:43:50
14.76,2025-05-09 03:03:25
15.76,2025-05-09 03:46:04
15.76,2025-05-09 04:00:57
14.76,2025-05-09 04:32:25
14.76,2025-05-09 04:48:25
14.76,2025-05-09 04:58:36
13.76,2025-05-09 05:25:58
14.76,2025-05-09 05:42:11
14.76,2025-05-09 05:52:14
14.76,2025-05-09 06:17:51
14.76,2025-05-09 06:45:21
14.76,2025-05-09 06:57:08
14.76,2025-05-09 07:22:30
14.76,2025-05-09 07:36:18
14.76,2025-05-09 07:46:15
14.76,2025-05-09 07:56:18
14.76,2025-05-09 08:28:07
14.76,2025-05-09 08:48:44
14.76,2025-05-09 08:58:41
14.76,2025-05-09 09:27:36
14.76,2025-05-09 09:43:02
14.76,2025-05-09 09:53:25
14.76,2025-05-09 10:15:03
14.76,2025-05-09 10:39:37
14.76,2025-05-09 10:50:56
14.76,2025-05-09 11:07:42
14.76,2025-05-09 11:25:19
14.76,2025-05-09 11:37:17
14.76,2025-05-09 11:47:40
14.76,2025-05-09 11:57:47
14.76,2025-05-09 12:49:07
14.76,2025-05-09 13:19:49
14.76,2025-05-09 13:41:50
14.76,2025-05-09 13:52:00
14.76,2025-05-09 14:11:18
14.76,2025-05-09 14:34:24
14.76,2025-05-09 14:47:34
14.76,2025-05-09 14:57:40
15.76,2025-05-09 15:25:26
15.76,2025-05-09 15:40:55
15.76,2025-05-09 15:51:08
15.76,2025-05-09 16:11:32
14.76,2025-05-09 16:36:58
14.76,2025-05-09 16:51:34
14.76,2025-05-09 17:09:16
14.76,2025-05-09 17:30:11
14.76,2025-05-09 17:42:58
14.76,2025-05-09 17:53:10
13.52,2025-05-09 18:18:59
13.76,2025-05-09 18:43:51
13.76,2025-05-09 18:55:19
13.76,2025-05-09 19:14:44
12.82,2025-05-09 19:27:28
11.76,2025-05-09 19:38:49
11.76,2025-05-09 19:49:19
11.76,2025-05-09 19:59:11
11.76,2025-05-09 20:28:08
11.76,2025-05-09 20:43:00
11.76,2025-05-09 20:52:55
11.76,2025-05-09 21:11:50
12.76,2025-05-09 21:28:43
12.76,2025-05-09 21:40:56
12.76,2025-05-09 21:51:01
13.04,2025-05-09 22:08:29
11.76,2025-05-09 22:31:38
11.76,2025-05-09 22:44:54
11.76,2025-05-09 22:55:09
11.76,2025-05-09 23:16:21
11.76,2025-05-09 23:30:38
11.76,2025-05-09 23:41:46
11.76,2025-05-09 23:51:56
11.76,2025-05-10 00:53:29
11.76,2025-05-10 02:25:17
11.76,2025-05-10 03:24:23
11.76,2025-05-10 03:49:18
11.76,2025-05-10 03:59:16
12.76,2025-05-10 04:30:39
12.76,2025-05-10 04:47:30
12.76,2025-05-10 04:57:25
12.76,2025-05-10 05:21:16
12.76,2025-05-10 05:37:36
12.76,2025-05-10 05:47:42
12.76,2025-05-10 05:57:51
13.76,2025-05-10 06:31:14
13.76,2025-05-10 06:47:56
13.76,2025-05-10 06:57:47
14.12,2025-05-10 07:20:52
12.76,2025-05-10 07:31:26
12.76,2025-05-10 07:41:28
12.76,2025-05-10 07:51:24
12.76,2025-05-10 08:11:59
11.76,2025-05-10 08:34:40
11.76,2025-05-10 08:48:42
11.76,2025-05-10 08:58:52
12.76,2025-05-10 09:23:52
12.76,2025-05-10 09:36:33
12.76,2025-05-10 09:46:27
12.76,2025-05-10 09:56:29
12.76,2025-05-10 10:20:34
12.76,2025-05-10 10:39:02
12.76,2025-05-10 10:49:42
12.76,2025-05-10 10:59:55
12.76,2025-05-10 11:21:07
12.76,2025-05-10 11:31:40
12.76,2025-05-10 11:41:34
12.76,2025-05-10 11:51:45
11.76,2025-05-10 12:17:32
11.76,2025-05-10 12:55:11
11.76,2025-05-10 13:23:40
11.76,2025-05-10 13:39:47
11.76,2025-05-10 13:49:42
11.76,2025-05-10 13:59:49
11.76,2025-05-10 14:23:27
11.76,2025-05-10 14:37:51
11.76,2025-05-10 14:47:38
11.76,2025-05-10 14:57:31
10.76,2025-05-10 15:22:49
10.76,2025-05-10 15:36:32
10.76,2025-05-10 15:46:37
10.76,2025-05-10 15:56:38
10.76,2025-05-10 16:24:30
10.76,2025-05-10 16:44:26
10.76,2025-05-10 16:54:47
10.76,2025-05-10 17:13:20
10.76,2025-05-10 17:29:40
10.76,2025-05-10 17:40:23
10.76,2025-05-10 17:50:38
10.76,2025-05-10 18:09:48
11.76,2025-05-10 18:35:10
11.76,2025-05-10 18:48:17
11.76,2025-05-10 18:58:04
11.91,2025-05-10 19:17:54
11.76,2025-05-10 19:28:03
11.76,2025-05-10 19:39:03
11.76,2025-05-10 19:49:28
11.76,2025-05-10 19:59:18
10.76,2025-05-10 20:25:38
10.76,2025-05-10 20:39:06
10.76,2025-05-10 20:49:24
10.76,2025-05-10 20:59:20
11.17,2025-05-10 21:21:48
11.76,2025-05-10 21:32:25
11.76,2025-05-10 21:42:27
11.76,2025-05-10 21:52:38
12.76,2025-05-10 22:10:49
12.76,2025-05-10 22:31:19
12.76,2025-05-10 22:43:07
12.76,2025-05-10 22:53:18
12.5,2025-05-10 23:12:39
13.76,2025-05-10 23:28:29
13.76,2025-05-10 23:40:24
13.76,2025-05-10 23:50:24
13.76,2025-05-11 00:42:35
15.76,2025-05-11 02:28:44
17.76,2025-05-11 03:30:40
17.76,2025-05-11 03:57:13
19.6,2025-05-11 04:26:58
18.76,2025-05-11 04:45:15
18.76,2025-05-11 04:55:23
18.76,2025-05-11 05:17:33
19.76,2025-05-11 05:37:31
19.76,2025-05-11 05:47:21
19.76,2025-05-11 05:57:11
18.76,2025-05-11 06:30:32
18.76,2025-05-11 06:48:38
18.76,2025-05-11 06:58:53
18.76,2025-05-11 07:23:22
18.76,2025-05-11 07:35:02
18.76,2025-05-11 07:44:56
18.76,2025-05-11 07:55:05
18.76,2025-05-11 08:21:33
18.76,2025-05-11 08:41:43
18.76,2025-05-11 08:55:03
17.76,2025-05-11 09:17:05
17.76,2025-05-11 09:31:36
17.76,2025-05-11 09:43:58
17.76,2025-05-11 09:53:47
15.76,2025-05-11 10:14:08
15.76,2025-05-11 10:34:31
15.76,2025-05-11 10:45:08
15.76,2025-05-11 10:55:24
15.76,2025-05-11 11:13:54
13.76,2025-05-11 11:26:14
13.76,2025-05-11 11:37:45
13.76,2025-05-11 11:47:47
13.76,2025-05-11 11:57:54
12.76,2025-05-11 12:45:29
14.54,2025-05-11 13:13:10
12.76,2025-05-11 13:33:56
12.76,2025-05-11 13:44:59
12.76,2025-05-11 13:54:57
11.76,2025-05-11 14:15:19
11.76,2025-05-11 14:33:42
11.76,2025-05-11 14:44:38
11.76,2025-05-11 14:54:49
10.76,2025-05-11 15:16:02
10.76,2025-05-11 15:32:18
10.76,2025-05-11 15:43:07
10.76,2025-05-11 15:53:18
8.76,2025-05-11 16:15:14
8.76,2025-05-11 16:39:22
8.76,2025-05-11 16:51:15
8.76,2025-05-11 17:07:27
8.76,2025-05-11 17:27:18
8.76,2025-05-11 17:39:24
8.76,2025-05-11 17:49:32
8.76,2025-05-11 17:59:23
9.76,2025-05-11 18:32:23
9.76,2025-05-11 18:47:42
9.76,2025-05-11 18:57:30
11.85,2025-05-11 19:17:09
11.85,2025-05-11 19:27:00
8.76,2025-05-11 19:38:11
8.76,2025-05-11 19:48:21
8.76,2025-05-11 19:58:15
8.76,2025-05-11 20:25:16
8.76,2025-05-11 20:38:55
8.76,2025-05-11 20:48:46
8.76,2025-05-11 20:58:43
9.76,2025-05-11 21:22:14
9.76,2025-05-11 21:33:45
9.76,2025-05-11 21:43:43
9.76,2025-05-11 21:53:55
11.76,2025-05-11 22:13:56
11.76,2025-05-11 22:33:33
11.76,2025-05-11 22:44:52
11.76,2025-05-11 22:54:52
14.7,2025-05-11 23:15:42
13.76,2025-05-11 23:30:29
13.76,2025-05-11 23:42:07
13.76,2025-05-11 23:52:13
16.76,2025-05-12 01:00:49
19.76,2025-05-12 02:48:47
21.76,2025-05-12 03:35:50
21.76,2025-05-12 03:59:53
21.76,2025-05-12 04:32:33
21.76,2025-05-12 04:48:55
21.76,2025-05-12 04:59:03
22.76,2025-05-12 05:27:23
22.76,2025-05-12 05:43:57
22.76,2025-05-12 05:53:46
22.76,2025-05-12 06:23:00
22.76,2025-05-12 06:48:55
22.76,2025-05-12 06:58:49
22.76,2025-05-12 07:25:59
22.76,2025-05-12 07:39:35
22.76,2025-05-12 07:49:48
22.76,2025-05-12 07:59:52
22.76,2025-05-12 08:35:56
22.76,2025-05-12 08:53:47
21.76,2025-05-12 09:17:28
21.76,2025-05-12 09:38:20
21.76,2025-05-12 09:49:44
21.76,2025-05-12 09:59:55
18.81,2025-05-12 10:31:14
18.81,2025-05-12 10:48:26
18.34,2025-05-12 10:58:17
18.34,2025-05-12 11:22:14
18.34,2025-05-12 11:35:11
16.93,2025-05-12 11:45:17
16.93,2025-05-12 11:55:18
17.45,2025-05-12 12:39:07
17.45,2025-05-12 13:19:38
17,2025-05-12 13:45:05
17,2025-05-12 13:55:05
17,2025-05-12 14:19:11
16.55,2025-05-12 14:42:07
16.55,2025-05-12 14:53:53
16.55,2025-05-12 15:18:06
16.12,2025-05-12 15:39:50
16.12,2025-05-12 15:51:38
16.12,2025-05-12 16:13:31
15.78,2025-05-12 16:42:54
15.78,2025-05-12 16:57:05
15.78,2025-05-12 17:19:43
15.78,2025-05-12 17:37:33
15.43,2025-05-12 17:47:41
15.43,2025-05-12 17:57:45
15.32,2025-05-12 18:34:09
15.32,2025-05-12 18:52:14
15.32,2025-05-12 19:09:46
15.32,2025-05-12 19:25:35
15.32,2025-05-12 19:37:01
14.83,2025-05-12 19:47:07
14.83,2025-05-12 19:57:15
14.83,2025-05-12 20:26:08
14.78,2025-05-12 20:42:21
14.78,2025-05-12 20:53:05
14.78,2025-05-12 21:12:29
15.94,2025-05-12 21:30:14
15.94,2025-05-12 21:42:27
15.94,2025-05-12 21:52:53
15.94,2025-05-12 22:12:57
15.94,2025-05-12 22:34:55
18.13,2025-05-12 22:47:11
18.13,2025-05-12 22:57:13
18.13,2025-05-12 23:21:22
18.13,2025-05-12 23:34:27
19.99,2025-05-12 23:44:34
19.4,2025-05-12 23:54:51
21.82,2025-05-13 01:24:35
24.95,2025-05-13 02:56:45
25.24,2025-05-13 03:43:01
25.24,2025-05-13 04:00:37
25.24,2025-05-13 04:32:41
25.28,2025-05-13 04:48:46
25.28,2025-05-13 04:58:58
25.28,2025-05-13 05:26:52
25.15,2025-05-13 05:43:26
25.15,2025-05-13 05:53:34
25.15,2025-05-13 06:21:26
24.63,2025-05-13 06:46:33
24.63,2025-05-13 06:57:33
24.63,2025-05-13 07:24:21
24.74,2025-05-13 07:38:29
24.74,2025-05-13 07:48:48
24.74,2025-05-13 07:58:46
24.74,2025-05-13 08:35:05
23.67,2025-05-13 08:53:42
23.67,2025-05-13 09:16:21
23.67,2025-05-13 09:36:57
22.66,2025-05-13 09:48:31
22.66,2025-05-13 09:58:27
22.66,2025-05-13 10:29:39
20.21,2025-05-13 10:48:25
20.21,2025-05-13 10:58:21
20.21,2025-05-13 11:22:17
20.21,2025-05-13 11:35:34
19.4,2025-05-13 11:45:41
19.4,2025-05-13 11:55:55
19.09,2025-05-13 12:42:04
19.09,2025-05-13 13:21:25
18.4,2025-05-13 13:46:45
18.4,2025-05-13 13:57:15
18.4,2025-05-13 14:24:23
17.91,2025-05-13 14:44:54
17.91,2025-05-13 14:55:47
17.91,2025-05-13 15:20:59
17.35,2025-05-13 15:39:49
17.35,2025-05-13 15:51:34
17.35,2025-05-13 16:12:08
16.87,2025-05-13 16:42:15
16.87,2025-05-13 16:56:40
16.87,2025-05-13 17:19:42
16.87,2025-05-13 17:37:41
16.33,2025-05-13 17:47:58
16.33,2025-05-13 17:58:11
15.89,2025-05-13 18:34:32
15.89,2025-05-13 18:51:27
15.89,2025-05-13 19:08:14
15.89,2025-05-13 19:25:21
15.89,2025-05-13 19:36:33
15.45,2025-05-13 19:46:36
15.45,2025-05-13 19:56:43
15.45,2025-05-13 20:24:37
15.32,2025-05-13 20:40:59
15.32,2025-05-13 20:51:30
15.32,2025-05-13 21:09:35
15.32,2025-05-13 21:28:55
16.56,2025-05-13 21:41:47
16.56,2025-05-13 21:51:57
16.56,2025-05-13 22:11:08
18.71,2025-05-13 22:34:17
18.71,2025-05-13 22:46:59
18.71,2025-05-13 22:57:09
18.71,2025-05-13 23:21:30
18.71,2025-05-13 23:35:24
20.7,2025-05-13 23:45:28
20.7,2025-05-13 23:55:17
22.54,2025-05-14 01:26:54
24.79,2025-05-14 02:57:43
25.21,2025-05-14 03:42:43
25.21,2025-05-14 03:59:57
25.21,2025-05-14 04:32:03
25.6,2025-05-14 04:48:34
25.6,2025-05-14 04:58:37
25.6,2025-05-14 05:26:19
25.41,2025-05-14 05:43:13
25.41,2025-05-14 05:53:13
25.69,2025-05-14 06:20:06
25.14,2025-05-14 06:46:18
25.14,2025-05-14 06:57:40
25.14,2025-05-14 07:23:57
25.14,2025-05-14 07:38:03
24.2,2025-05-14 07:48:19
24.2,2025-05-14 07:58:10
24.2,2025-05-14 08:33:59
22.97,2025-05-14 08:52:49
22.97,2025-05-14 09:14:13
22.97,2025-05-14 09:34:15
21.79,2025-05-14 09:46:18
21.79,2025-05-14 09:56:42
21.79,2025-05-14 10:24:02
20.94,2025-05-14 10:44:14
20.94,2025-05-14 10:54:19
20.94,2025-05-14 11:14:01
20.94,2025-05-14 11:28:57
20.32,2025-05-14 11:41:17
20.32,2025-05-14 11:51:19
20.32,2025-05-14 12:18:38
19.58,2025-05-14 13:02:11
19.39,2025-05-14 13:37:04
19.39,2025-05-14 13:50:54
19.39,2025-05-14 14:09:21
19.39,2025-05-14 14:34:41
19.56,2025-05-14 14:48:02
19.56,2025-05-14 14:58:13
19.56,2025-05-14 15:27:47
19.3,2025-05-14 15:44:08
19.3,2025-05-14 15:54:30
19.3,2025-05-14 16:20:58
18.21,2025-05-14 16:44:46
18.21,2025-05-14 16:57:08
18.21,2025-05-14 17:20:37
16.82,2025-05-14 17:37:28
16.82,2025-05-14 17:47:39
16.82,2025-05-14 17:57:42
16.82,2025-05-14 18:32:09
16.09,2025-05-14 18:50:33
16.09,2025-05-14 19:06:42
16.09,2025-05-14 19:23:09
16.09,2025-05-14 19:35:14
16.35,2025-05-14 19:45:20
16.35,2025-05-14 19:55:27
16.35,2025-05-14 20:17:35
16.56,2025-05-14 20:31:16
16.56,2025-05-14 20:42:11
16.56,2025-05-14 20:52:05
16.56,2025-05-14 21:09:15
16.56,2025-05-14 21:24:38
16.24,2025-05-14 21:35:42
16.24,2025-05-14 21:46:02
16.24,2025-05-14 21:55:55
16.24,2025-05-14 22:16:22
16.24,2025-05-14 22:31:27
15.96,2025-05-14 22:41:34
15.96,2025-05-14 22:51:39
15.96,2025-05-14 23:08:48
15.96,2025-05-14 23:28:30
15.68,2025-05-14 23:42:13
15.68,2025-05-14 23:52:18
15.98,2025-05-15 00:56:58
15.88,2025-05-15 02:41:11
15.88,2025-05-15 03:32:18
15.71,2025-05-15 03:56:47
15.71,2025-05-15 04:27:03
15.75,2025-05-15 04:45:52
15.75,2025-05-15 04:56:24
15.75,2025-05-15 05:21:27
16.04,2025-05-15 05:40:09
16.04,2025-05-15 05:50:25
16.04,2025-05-15 06:12:19
18.67,2025-05-15 06:44:18
18.67,2025-05-15 06:57:34
18.67,2025-05-15 07:23:48
18.67,2025-05-15 07:37:43
18.53,2025-05-15 07:47:44
18.53,2025-05-15 07:57:35
18.53,2025-05-15 08:32:33
18.01,2025-05-15 08:52:11
18.01,2025-05-15 09:12:56
18.01,2025-05-15 09:33:40
17.81,2025-05-15 09:46:25
17.81,2025-05-15 09:56:37
17.81,2025-05-15 10:24:40
17.22,2025-05-15 10:45:28
17.22,2025-05-15 10:55:39
17.22,2025-05-15 11:16:30
17.22,2025-05-15 11:30:18
16.85,2025-05-15 11:41:59
16.85,2025-05-15 11:52:14
16.85,2025-05-15 12:23:25
16.3,2025-05-15 13:03:18
15.93,2025-05-15 13:36:53
15.93,2025-05-15 13:50:56
15.93,2025-05-15 14:09:36
15.78,2025-05-15 14:35:07
15.78,2025-05-15 14:47:40
15.78,2025-05-15 14:57:52
15.78,2025-05-15 15:25:17
15.78,2025-05-15 15:41:30
15.89,2025-05-15 15:51:39
15.89,2025-05-15 16:13:21
16.22,2025-05-15 16:42:47
16.22,2025-05-15 16:57:18
16.22,2025-05-15 17:21:01
16.22,2025-05-15 17:37:16
16.32,2025-05-15 17:47:24
16.32,2025-05-15 17:57:20
16.32,2025-05-15 18:33:06
16.66,2025-05-15 18:52:37
16.66,2025-05-15 19:10:01
16.66,2025-05-15 19:25:03
16.66,2025-05-15 19:36:46
16.57,2025-05-15 19:46:51
16.57,2025-05-15 19:56:49
16.57,2025-05-15 20:25:42
16.57,2025-05-15 20:42:04
16.77,2025-05-15 20:52:21
16.77,2025-05-15 21:11:24
16.77,2025-05-15 21:29:51
17.09,2025-05-15 21:42:15
17.09,2025-05-15 21:52:24
17.09,2025-05-15 22:11:29
17.09,2025-05-15 22:33:57
18.09,2025-05-15 22:46:20
18.09,2025-05-15 22:56:30
18.09,2025-05-15 23:20:16
18.09,2025-05-15 23:34:23
18.69,2025-05-15 23:44:46
18.69,2025-05-15 23:54:57
19.68,2025-05-16 01:25:17
21.13,2025-05-16 02:58:37
21.89,2025-05-16 03:46:36
21.89,2025-05-16 04:02:01
21.35,2025-05-16 04:33:39
21.35,2025-05-16 04:49:37
21.35,2025-05-16 04:59:45
21.35,2025-05-16 05:27:51
20.71,2025-05-16 05:44:10
20.71,2025-05-16 05:54:14
20.71,2025-05-16 06:24:24
19.97,2025-05-16 06:49:05
19.97,2025-05-16 06:59:06
19.34,2025-05-16 07:25:28
18.91,2025-05-16 07:38:59
18.91,2025-05-16 07:49:08
18.91,2025-05-16 07:58:58
18.91,2025-05-16 08:34:35
18.65,2025-05-16 08:52:29
18.65,2025-05-16 09:13:13
18.65,2025-05-16 09:33:42
18.41,2025-05-16 09:46:11
18.41,2025-05-16 09:56:20
18.41,2025-05-16 10:22:44
18.06,2025-05-16 10:42:46
18.06,2025-05-16 10:53:15
18.06,2025-05-16 11:12:19
18.06,2025-05-16 11:27:51
17.78,2025-05-16 11:39:54
17.78,2025-05-16 11:49:49
17.78,2025-05-16 11:59:42
17.76,2025-05-16 12:53:59
17.76,2025-05-16 13:27:06
17.61,2025-05-16 13:46:24
17.61,2025-05-16 13:56:40
17.61,2025-05-16 14:20:41
17.51,2025-05-16 14:40:37
17.51,2025-05-16 14:51:36
17.51,2025-05-16 15:10:10
17.51,2025-05-16 15:31:10
16.79,2025-05-16 15:45:33
16.79,2025-05-16 15:55:46
16.79,2025-05-16 16:24:53
16.44,2025-05-16 16:47:22
16.44,2025-05-16 16:57:48
16.44,2025-05-16 17:20:24
16.26,2025-05-16 17:36:42
16.26,2025-05-16 17:46:47
16.26,2025-05-16 17:56:41
16.26,2025-05-16 18:29:58
16.29,2025-05-16 18:50:03
16.29,2025-05-16 19:00:04
16.29,2025-05-16 19:20:17
16.29,2025-05-16 19:30:07
16.01,2025-05-16 19:40:19
16.01,2025-05-16 19:50:30
16.01,2025-05-16 20:09:04
16.01,2025-05-16 20:31:29
16.17,2025-05-16 20:44:53
16.17,2025-05-16 20:54:47
16.17,2025-05-16 21:16:03
16.17,2025-05-16 21:31:08
16.17,2025-05-16 21:41:52
17.34,2025-05-16 21:52:04
17.34,2025-05-16 22:10:51
17.34,2025-05-16 22:32:57
18.54,2025-05-16 22:45:28
18.54,2025-05-16 22:55:16
18.54,2025-05-16 23:17:13
18.54,2025-05-16 23:31:42
19.65,2025-05-16 23:43:09
19.65,2025-05-16 23:53:05
20.95,2025-05-17 01:06:08
22.84,2025-05-17 02:44:15
22.84,2025-05-17 03:30:14
23.05,2025-05-17 03:53:02
23.05,2025-05-17 04:16:05
23.05,2025-05-17 04:38:53
23.26,2025-05-17 04:50:50
23.26,2025-05-17 05:08:28
23.26,2025-05-17 05:30:46
22.48,2025-05-17 05:43:39
22.48,2025-05-17 05:53:43
22.48,2025-05-17 06:19:40
18.54,2025-05-17 06:42:40
18.54,2025-05-17 06:53:31
18.54,2025-05-17 07:12:56
18.54,2025-05-17 07:28:18
18.54,2025-05-17 07:39:22
16.59,2025-05-17 07:49:29
16.59,2025-05-17 07:59:36
16.59,2025-05-17 08:30:57
15.94,2025-05-17 08:46:53
15.94,2025-05-17 08:57:05
15.94,2025-05-17 09:21:49
15.94,2025-05-17 09:35:25
15.76,2025-05-17 09:45:34
15.76,2025-05-17 09:55:31
15.76,2025-05-17 10:18:39
15.76,2025-05-17 10:39:03
15.21,2025-05-17 10:49:29
15.21,2025-05-17 10:59:31
15.21,2025-05-17 11:19:46
15.21,2025-05-17 11:30:01
15.21,2025-05-17 11:40:07
14.94,2025-05-17 11:50:12
14.94,2025-05-17 12:00:16
14.93,2025-05-17 12:49:02
14.93,2025-05-17 13:15:23
14.72,2025-05-17 13:35:46
14.72,2025-05-17 13:46:01
14.72,2025-05-17 13:56:05
14.72,2025-05-17 14:17:03
14.72,2025-05-17 14:34:14
13.21,2025-05-17 14:44:29
13.21,2025-05-17 14:54:30
13.21,2025-05-17 15:15:28
